"name","year","wind"
"Blanche",1975,65
"Blanche",1975,70
"Blanche",1975,75
"Blanche",1975,75
"Blanche",1975,70
"Caroline",1975,65
"Caroline",1975,65
"Caroline",1975,65
"Caroline",1975,70
"Caroline",1975,100
"Caroline",1975,100
"Caroline",1975,90
"Doris",1975,65
"Doris",1975,65
"Doris",1975,70
"Doris",1975,70
"Doris",1975,75
"Doris",1975,75
"Doris",1975,75
"Doris",1975,75
"Doris",1975,90
"Doris",1975,95
"Doris",1975,95
"Doris",1975,95
"Doris",1975,95
"Doris",1975,95
"Doris",1975,95
"Doris",1975,90
"Eloise",1975,65
"Eloise",1975,65
"Eloise",1975,65
"Eloise",1975,75
"Eloise",1975,85
"Eloise",1975,95
"Eloise",1975,105
"Eloise",1975,110
"Faye",1975,65
"Faye",1975,70
"Faye",1975,75
"Faye",1975,85
"Faye",1975,90
"Faye",1975,90
"Faye",1975,90
"Faye",1975,90
"Faye",1975,85
"Faye",1975,80
"Faye",1975,75
"Faye",1975,75
"Faye",1975,70
"Faye",1975,65
"Gladys",1975,65
"Gladys",1975,65
"Gladys",1975,65
"Gladys",1975,65
"Gladys",1975,65
"Gladys",1975,65
"Gladys",1975,65
"Gladys",1975,65
"Gladys",1975,65
"Gladys",1975,65
"Gladys",1975,65
"Gladys",1975,65
"Gladys",1975,65
"Gladys",1975,65
"Gladys",1975,70
"Gladys",1975,70
"Gladys",1975,75
"Gladys",1975,80
"Gladys",1975,80
"Gladys",1975,80
"Gladys",1975,80
"Gladys",1975,80
"Gladys",1975,80
"Gladys",1975,80
"Gladys",1975,90
"Gladys",1975,100
"Gladys",1975,110
"Gladys",1975,120
"Gladys",1975,120
"Gladys",1975,110
"Gladys",1975,85
"Gladys",1975,85
"Belle",1976,70
"Belle",1976,80
"Belle",1976,90
"Belle",1976,95
"Belle",1976,100
"Belle",1976,105
"Belle",1976,105
"Belle",1976,95
"Belle",1976,90
"Belle",1976,80
"Candice",1976,65
"Candice",1976,65
"Candice",1976,80
"Candice",1976,80
"Emmy",1976,65
"Emmy",1976,65
"Emmy",1976,70
"Emmy",1976,75
"Emmy",1976,80
"Emmy",1976,85
"Emmy",1976,85
"Emmy",1976,85
"Emmy",1976,90
"Emmy",1976,90
"Emmy",1976,85
"Emmy",1976,80
"Emmy",1976,75
"Emmy",1976,70
"Emmy",1976,65
"Emmy",1976,65
"Frances",1976,65
"Frances",1976,65
"Frances",1976,65
"Frances",1976,75
"Frances",1976,90
"Frances",1976,100
"Frances",1976,95
"Frances",1976,65
"Gloria",1976,65
"Gloria",1976,65
"Gloria",1976,70
"Gloria",1976,80
"Gloria",1976,85
"Gloria",1976,90
"Gloria",1976,90
"Gloria",1976,90
"Gloria",1976,85
"Gloria",1976,80
"Gloria",1976,75
"Gloria",1976,70
"Holly",1976,65
"Holly",1976,65
"Anita",1977,65
"Anita",1977,70
"Anita",1977,75
"Anita",1977,75
"Anita",1977,80
"Anita",1977,80
"Anita",1977,85
"Anita",1977,90
"Anita",1977,110
"Anita",1977,140
"Anita",1977,150
"Anita",1977,120
"Anita",1977,70
"Babe",1977,65
"Clara",1977,65
"Clara",1977,65
"Clara",1977,65
"Dorothy",1977,65
"Dorothy",1977,70
"Dorothy",1977,75
"Dorothy",1977,70
"Dorothy",1977,65
"Evelyn",1977,65
"Evelyn",1977,70
"Evelyn",1977,70
"Evelyn",1977,70
"Cora",1978,65
"Cora",1978,80
"Cora",1978,80
"Cora",1978,70
"Cora",1978,65
"Ella",1978,70
"Ella",1978,90
"Ella",1978,100
"Ella",1978,110
"Ella",1978,110
"Ella",1978,105
"Ella",1978,100
"Ella",1978,80
"Ella",1978,70
"Ella",1978,70
"Ella",1978,80
"Ella",1978,85
"Ella",1978,95
"Ella",1978,110
"Ella",1978,115
"Ella",1978,120
"Ella",1978,115
"Ella",1978,105
"Ella",1978,80
"Ella",1978,65
"Flossie",1978,65
"Flossie",1978,75
"Flossie",1978,80
"Flossie",1978,85
"Flossie",1978,75
"Flossie",1978,65
"Greta",1978,70
"Greta",1978,80
"Greta",1978,90
"Greta",1978,95
"Greta",1978,110
"Greta",1978,115
"Greta",1978,105
"Greta",1978,100
"Greta",1978,95
"Kendra",1978,65
"Kendra",1978,70
"Kendra",1978,65
"Bob",1979,65
"Bob",1979,65
"Bob",1979,65
"David",1979,65
"David",1979,80
"David",1979,95
"David",1979,115
"David",1979,125
"David",1979,130
"David",1979,125
"David",1979,120
"David",1979,120
"David",1979,125
"David",1979,125
"David",1979,130
"David",1979,140
"David",1979,145
"David",1979,150
"David",1979,145
"David",1979,145
"David",1979,145
"David",1979,150
"David",1979,130
"David",1979,100
"David",1979,65
"David",1979,65
"David",1979,70
"David",1979,70
"David",1979,75
"David",1979,80
"David",1979,80
"David",1979,85
"David",1979,85
"David",1979,85
"David",1979,85
"David",1979,85
"David",1979,80
"David",1979,65
"Frederic",1979,65
"Frederic",1979,65
"Frederic",1979,65
"Frederic",1979,65
"Frederic",1979,70
"Frederic",1979,75
"Frederic",1979,80
"Frederic",1979,85
"Frederic",1979,95
"Frederic",1979,100
"Frederic",1979,110
"Frederic",1979,115
"Frederic",1979,115
"Frederic",1979,115
"Frederic",1979,95
"Frederic",1979,65
"Gloria",1979,65
"Gloria",1979,65
"Gloria",1979,70
"Gloria",1979,75
"Gloria",1979,75
"Gloria",1979,75
"Gloria",1979,75
"Gloria",1979,75
"Gloria",1979,75
"Gloria",1979,75
"Gloria",1979,70
"Gloria",1979,70
"Gloria",1979,65
"Gloria",1979,65
"Gloria",1979,65
"Gloria",1979,70
"Gloria",1979,75
"Gloria",1979,80
"Gloria",1979,85
"Gloria",1979,85
"Gloria",1979,85
"Gloria",1979,85
"Gloria",1979,80
"Gloria",1979,80
"Gloria",1979,75
"Gloria",1979,75
"Gloria",1979,70
"Gloria",1979,65
"Henri",1979,65
"Henri",1979,75
"Henri",1979,70
"Henri",1979,65
"Allen",1980,65
"Allen",1980,70
"Allen",1980,80
"Allen",1980,95
"Allen",1980,110
"Allen",1980,115
"Allen",1980,125
"Allen",1980,130
"Allen",1980,140
"Allen",1980,145
"Allen",1980,155
"Allen",1980,150
"Allen",1980,140
"Allen",1980,115
"Allen",1980,115
"Allen",1980,125
"Allen",1980,135
"Allen",1980,145
"Allen",1980,155
"Allen",1980,165
"Allen",1980,155
"Allen",1980,130
"Allen",1980,115
"Allen",1980,130
"Allen",1980,145
"Allen",1980,155
"Allen",1980,140
"Allen",1980,125
"Allen",1980,110
"Allen",1980,100
"Allen",1980,85
"Allen",1980,70
"Bonnie",1980,75
"Bonnie",1980,85
"Bonnie",1980,85
"Bonnie",1980,85
"Bonnie",1980,75
"Bonnie",1980,65
"Bonnie",1980,65
"Bonnie",1980,65
"Bonnie",1980,65
"Bonnie",1980,65
"Bonnie",1980,65
"Bonnie",1980,65
"Bonnie",1980,65
"Bonnie",1980,65
"Bonnie",1980,65
"Charley",1980,65
"Charley",1980,70
"Charley",1980,70
"Charley",1980,70
"Charley",1980,65
"Georges",1980,70
"Georges",1980,70
"Georges",1980,70
"Georges",1980,65
"Earl",1980,65
"Earl",1980,65
"Earl",1980,65
"Earl",1980,65
"Earl",1980,65
"Earl",1980,65
"Earl",1980,65
"Earl",1980,65
"Earl",1980,65
"Frances",1980,65
"Frances",1980,70
"Frances",1980,80
"Frances",1980,90
"Frances",1980,100
"Frances",1980,100
"Frances",1980,100
"Frances",1980,90
"Frances",1980,90
"Frances",1980,90
"Frances",1980,85
"Frances",1980,80
"Frances",1980,85
"Frances",1980,90
"Frances",1980,90
"Frances",1980,85
"Frances",1980,80
"Frances",1980,80
"Frances",1980,80
"Frances",1980,80
"Frances",1980,80
"Frances",1980,85
"Frances",1980,90
"Frances",1980,90
"Frances",1980,90
"Frances",1980,90
"Frances",1980,90
"Frances",1980,90
"Frances",1980,90
"Frances",1980,90
"Frances",1980,90
"Frances",1980,90
"Frances",1980,90
"Frances",1980,90
"Frances",1980,90
"Frances",1980,90
"Frances",1980,90
"Frances",1980,85
"Frances",1980,80
"Frances",1980,80
"Frances",1980,80
"Frances",1980,80
"Frances",1980,80
"Frances",1980,80
"Frances",1980,75
"Frances",1980,70
"Frances",1980,65
"Frances",1980,65
"Frances",1980,65
"Ivan",1980,65
"Ivan",1980,75
"Ivan",1980,85
"Ivan",1980,90
"Ivan",1980,90
"Ivan",1980,90
"Ivan",1980,90
"Ivan",1980,90
"Ivan",1980,90
"Ivan",1980,90
"Ivan",1980,90
"Ivan",1980,90
"Ivan",1980,90
"Ivan",1980,90
"Ivan",1980,90
"Ivan",1980,90
"Ivan",1980,90
"Ivan",1980,90
"Ivan",1980,90
"Ivan",1980,80
"Ivan",1980,75
"Ivan",1980,70
"Ivan",1980,65
"Ivan",1980,65
"Jeanne",1980,65
"Jeanne",1980,75
"Jeanne",1980,85
"Jeanne",1980,70
"Jeanne",1980,65
"Jeanne",1980,65
"Karl",1980,65
"Karl",1980,70
"Karl",1980,75
"Karl",1980,75
"Karl",1980,75
"Karl",1980,70
"Karl",1980,65
"Karl",1980,65
"Karl",1980,65
"Dennis",1981,65
"Dennis",1981,70
"Emily",1981,65
"Emily",1981,70
"Emily",1981,70
"Emily",1981,70
"Emily",1981,75
"Emily",1981,75
"Emily",1981,75
"Emily",1981,80
"Emily",1981,80
"Emily",1981,80
"Emily",1981,80
"Emily",1981,75
"Emily",1981,75
"Emily",1981,70
"Emily",1981,70
"Emily",1981,65
"Floyd",1981,70
"Floyd",1981,80
"Floyd",1981,85
"Floyd",1981,90
"Floyd",1981,95
"Floyd",1981,100
"Floyd",1981,100
"Floyd",1981,100
"Floyd",1981,100
"Floyd",1981,95
"Floyd",1981,90
"Floyd",1981,85
"Gert",1981,70
"Gert",1981,80
"Gert",1981,85
"Gert",1981,90
"Gert",1981,90
"Gert",1981,90
"Gert",1981,90
"Gert",1981,85
"Gert",1981,70
"Harvey",1981,70
"Harvey",1981,70
"Harvey",1981,75
"Harvey",1981,80
"Harvey",1981,85
"Harvey",1981,90
"Harvey",1981,95
"Harvey",1981,110
"Harvey",1981,115
"Harvey",1981,110
"Harvey",1981,105
"Harvey",1981,100
"Harvey",1981,90
"Harvey",1981,85
"Harvey",1981,80
"Harvey",1981,65
"Harvey",1981,65
"Harvey",1981,65
"Harvey",1981,65
"Harvey",1981,65
"Harvey",1981,65
"Harvey",1981,65
"Irene",1981,65
"Irene",1981,70
"Irene",1981,80
"Irene",1981,90
"Irene",1981,85
"Irene",1981,80
"Irene",1981,80
"Irene",1981,85
"Irene",1981,95
"Irene",1981,90
"Irene",1981,90
"Irene",1981,95
"Irene",1981,100
"Irene",1981,105
"Irene",1981,105
"Irene",1981,105
"Irene",1981,100
"Irene",1981,100
"Irene",1981,95
"Irene",1981,90
"Irene",1981,85
"Irene",1981,80
"Irene",1981,75
"Irene",1981,70
"Irene",1981,65
"Katrina",1981,65
"Katrina",1981,75
"Katrina",1981,70
"Katrina",1981,65
"Alberto",1982,75
"Alberto",1982,65
"Debby",1982,65
"Debby",1982,65
"Debby",1982,75
"Debby",1982,90
"Debby",1982,95
"Debby",1982,95
"Debby",1982,95
"Debby",1982,95
"Debby",1982,95
"Debby",1982,95
"Debby",1982,95
"Debby",1982,100
"Debby",1982,115
"Debby",1982,110
"Debby",1982,110
"Debby",1982,100
"Debby",1982,90
"Debby",1982,75
"Debby",1982,70
"Debby",1982,70
"Debby",1982,70
"Alicia",1983,65
"Alicia",1983,70
"Alicia",1983,75
"Alicia",1983,90
"Alicia",1983,95
"Alicia",1983,100
"Alicia",1983,100
"Alicia",1983,80
"Barry",1983,65
"Barry",1983,70
"Barry",1983,70
"Chantal",1983,65
"Chantal",1983,65
"Chantal",1983,65
"Chantal",1983,65
"Chantal",1983,65
"Diana",1984,65
"Diana",1984,70
"Diana",1984,80
"Diana",1984,85
"Diana",1984,100
"Diana",1984,110
"Diana",1984,115
"Diana",1984,95
"Diana",1984,95
"Diana",1984,90
"Diana",1984,85
"Diana",1984,80
"Diana",1984,80
"Diana",1984,65
"Hortense",1984,65
"Hortense",1984,65
"Josephine",1984,65
"Josephine",1984,70
"Josephine",1984,70
"Josephine",1984,75
"Josephine",1984,80
"Josephine",1984,85
"Josephine",1984,85
"Josephine",1984,90
"Josephine",1984,90
"Josephine",1984,90
"Josephine",1984,90
"Josephine",1984,85
"Josephine",1984,85
"Josephine",1984,80
"Josephine",1984,70
"Josephine",1984,65
"Josephine",1984,65
"Josephine",1984,70
"Josephine",1984,70
"Josephine",1984,70
"Josephine",1984,65
"Josephine",1984,65
"Josephine",1984,65
"Josephine",1984,65
"Josephine",1984,65
"Josephine",1984,65
"Josephine",1984,65
"Josephine",1984,65
"Klaus",1984,65
"Klaus",1984,70
"Klaus",1984,75
"Klaus",1984,80
"Klaus",1984,80
"Klaus",1984,80
"Klaus",1984,80
"Klaus",1984,80
"Klaus",1984,80
"Klaus",1984,75
"Klaus",1984,75
"Klaus",1984,75
"Klaus",1984,75
"Klaus",1984,70
"Klaus",1984,70
"Klaus",1984,70
"Klaus",1984,70
"Klaus",1984,70
"Klaus",1984,65
"Lili",1984,70
"Lili",1984,70
"Lili",1984,70
"Lili",1984,70
"Lili",1984,70
"Lili",1984,70
"Lili",1984,70
"Lili",1984,70
"Lili",1984,70
"Lili",1984,70
"Lili",1984,65
"Bob",1985,65
"Bob",1985,65
"Bob",1985,65
"Claudette",1985,65
"Claudette",1985,65
"Claudette",1985,65
"Claudette",1985,70
"Claudette",1985,70
"Claudette",1985,75
"Claudette",1985,75
"Danny",1985,70
"Danny",1985,75
"Danny",1985,80
"Danny",1985,80
"Danny",1985,70
"Elena",1985,65
"Elena",1985,70
"Elena",1985,75
"Elena",1985,80
"Elena",1985,90
"Elena",1985,90
"Elena",1985,90
"Elena",1985,90
"Elena",1985,90
"Elena",1985,90
"Elena",1985,95
"Elena",1985,100
"Elena",1985,105
"Elena",1985,110
"Elena",1985,110
"Elena",1985,105
"Elena",1985,100
"Elena",1985,100
"Gloria",1985,65
"Gloria",1985,65
"Gloria",1985,70
"Gloria",1985,70
"Gloria",1985,65
"Gloria",1985,65
"Gloria",1985,65
"Gloria",1985,65
"Gloria",1985,75
"Gloria",1985,95
"Gloria",1985,100
"Gloria",1985,100
"Gloria",1985,105
"Gloria",1985,120
"Gloria",1985,125
"Gloria",1985,115
"Gloria",1985,95
"Gloria",1985,85
"Gloria",1985,80
"Gloria",1985,80
"Gloria",1985,85
"Gloria",1985,90
"Gloria",1985,90
"Gloria",1985,90
"Gloria",1985,85
"Gloria",1985,75
"Gloria",1985,75
"Juan",1985,65
"Juan",1985,70
"Juan",1985,75
"Juan",1985,75
"Juan",1985,75
"Juan",1985,70
"Juan",1985,65
"Juan",1985,65
"Kate",1985,70
"Kate",1985,75
"Kate",1985,75
"Kate",1985,75
"Kate",1985,80
"Kate",1985,80
"Kate",1985,80
"Kate",1985,80
"Kate",1985,85
"Kate",1985,95
"Kate",1985,95
"Kate",1985,90
"Kate",1985,80
"Kate",1985,85
"Kate",1985,95
"Kate",1985,105
"Kate",1985,105
"Kate",1985,105
"Kate",1985,100
"Kate",1985,95
"Kate",1985,85
"Kate",1985,85
"Kate",1985,80
"Kate",1985,65
"Bonnie",1986,65
"Bonnie",1986,70
"Bonnie",1986,75
"Bonnie",1986,75
"Bonnie",1986,65
"Charley",1986,65
"Charley",1986,65
"Charley",1986,65
"Charley",1986,70
"Charley",1986,65
"Earl",1986,70
"Earl",1986,75
"Earl",1986,80
"Earl",1986,85
"Earl",1986,90
"Earl",1986,90
"Earl",1986,90
"Earl",1986,90
"Earl",1986,90
"Earl",1986,90
"Earl",1986,90
"Earl",1986,90
"Earl",1986,90
"Earl",1986,90
"Earl",1986,90
"Earl",1986,90
"Earl",1986,85
"Earl",1986,80
"Earl",1986,80
"Earl",1986,75
"Earl",1986,75
"Earl",1986,75
"Earl",1986,70
"Earl",1986,70
"Earl",1986,70
"Earl",1986,70
"Earl",1986,65
"Earl",1986,65
"Earl",1986,65
"Frances",1986,65
"Frances",1986,75
"Frances",1986,75
"Frances",1986,70
"Frances",1986,65
"Arlene",1987,65
"Arlene",1987,65
"Arlene",1987,65
"Arlene",1987,65
"Arlene",1987,65
"Arlene",1987,65
"Arlene",1987,65
"Emily",1987,80
"Emily",1987,90
"Emily",1987,110
"Emily",1987,105
"Emily",1987,95
"Emily",1987,70
"Emily",1987,70
"Emily",1987,75
"Emily",1987,80
"Emily",1987,80
"Emily",1987,75
"Emily",1987,70
"Emily",1987,65
"Floyd",1987,65
"Floyd",1987,65
"Floyd",1987,65
"Debby",1988,65
"Debby",1988,65
"Florence",1988,65
"Florence",1988,70
"Florence",1988,70
"Florence",1988,70
"Gilbert",1988,65
"Gilbert",1988,80
"Gilbert",1988,95
"Gilbert",1988,100
"Gilbert",1988,105
"Gilbert",1988,110
"Gilbert",1988,110
"Gilbert",1988,115
"Gilbert",1988,110
"Gilbert",1988,110
"Gilbert",1988,115
"Gilbert",1988,125
"Gilbert",1988,140
"Gilbert",1988,160
"Gilbert",1988,155
"Gilbert",1988,145
"Gilbert",1988,140
"Gilbert",1988,130
"Gilbert",1988,100
"Gilbert",1988,90
"Gilbert",1988,85
"Gilbert",1988,90
"Gilbert",1988,100
"Gilbert",1988,110
"Gilbert",1988,115
"Gilbert",1988,115
"Gilbert",1988,110
"Gilbert",1988,80
"Helene",1988,70
"Helene",1988,75
"Helene",1988,80
"Helene",1988,90
"Helene",1988,95
"Helene",1988,100
"Helene",1988,110
"Helene",1988,115
"Helene",1988,120
"Helene",1988,125
"Helene",1988,120
"Helene",1988,120
"Helene",1988,115
"Helene",1988,110
"Helene",1988,100
"Helene",1988,100
"Helene",1988,95
"Helene",1988,90
"Helene",1988,85
"Helene",1988,85
"Helene",1988,80
"Helene",1988,80
"Helene",1988,75
"Helene",1988,75
"Helene",1988,75
"Helene",1988,75
"Helene",1988,75
"Helene",1988,80
"Helene",1988,80
"Helene",1988,85
"Helene",1988,90
"Helene",1988,90
"Helene",1988,85
"Helene",1988,75
"Helene",1988,65
"Helene",1988,65
"Joan",1988,65
"Joan",1988,70
"Joan",1988,75
"Joan",1988,80
"Joan",1988,90
"Joan",1988,95
"Joan",1988,105
"Joan",1988,110
"Joan",1988,105
"Joan",1988,85
"Joan",1988,70
"Joan",1988,70
"Joan",1988,75
"Joan",1988,90
"Joan",1988,100
"Joan",1988,110
"Joan",1988,120
"Joan",1988,125
"Joan",1988,125
"Joan",1988,120
"Joan",1988,70
"Chantal",1989,65
"Chantal",1989,70
"Chantal",1989,70
"Chantal",1989,70
"Dean",1989,65
"Dean",1989,70
"Dean",1989,70
"Dean",1989,70
"Dean",1989,75
"Dean",1989,75
"Dean",1989,75
"Dean",1989,75
"Dean",1989,75
"Dean",1989,75
"Dean",1989,75
"Dean",1989,75
"Dean",1989,75
"Dean",1989,75
"Dean",1989,75
"Dean",1989,80
"Dean",1989,80
"Dean",1989,85
"Dean",1989,90
"Dean",1989,90
"Dean",1989,85
"Dean",1989,80
"Dean",1989,75
"Dean",1989,65
"Erin",1989,65
"Erin",1989,70
"Erin",1989,70
"Erin",1989,75
"Erin",1989,80
"Erin",1989,80
"Erin",1989,85
"Erin",1989,85
"Erin",1989,90
"Erin",1989,90
"Erin",1989,90
"Erin",1989,90
"Erin",1989,90
"Erin",1989,85
"Erin",1989,80
"Erin",1989,75
"Erin",1989,70
"Erin",1989,65
"Felix",1989,65
"Felix",1989,70
"Felix",1989,75
"Felix",1989,75
"Felix",1989,75
"Felix",1989,70
"Felix",1989,70
"Felix",1989,65
"Gabrielle",1989,65
"Gabrielle",1989,65
"Gabrielle",1989,65
"Gabrielle",1989,65
"Gabrielle",1989,75
"Gabrielle",1989,80
"Gabrielle",1989,85
"Gabrielle",1989,90
"Gabrielle",1989,95
"Gabrielle",1989,100
"Gabrielle",1989,105
"Gabrielle",1989,105
"Gabrielle",1989,105
"Gabrielle",1989,105
"Gabrielle",1989,110
"Gabrielle",1989,115
"Gabrielle",1989,120
"Gabrielle",1989,125
"Gabrielle",1989,125
"Gabrielle",1989,125
"Gabrielle",1989,125
"Gabrielle",1989,125
"Gabrielle",1989,120
"Gabrielle",1989,120
"Gabrielle",1989,120
"Gabrielle",1989,120
"Gabrielle",1989,105
"Gabrielle",1989,95
"Gabrielle",1989,95
"Gabrielle",1989,95
"Gabrielle",1989,90
"Gabrielle",1989,85
"Gabrielle",1989,80
"Gabrielle",1989,75
"Gabrielle",1989,70
"Gabrielle",1989,65
"Gabrielle",1989,65
"Gabrielle",1989,65
"Hugo",1989,65
"Hugo",1989,70
"Hugo",1989,80
"Hugo",1989,85
"Hugo",1989,90
"Hugo",1989,100
"Hugo",1989,110
"Hugo",1989,125
"Hugo",1989,140
"Hugo",1989,135
"Hugo",1989,130
"Hugo",1989,120
"Hugo",1989,120
"Hugo",1989,120
"Hugo",1989,120
"Hugo",1989,120
"Hugo",1989,125
"Hugo",1989,125
"Hugo",1989,130
"Hugo",1989,120
"Hugo",1989,110
"Hugo",1989,110
"Hugo",1989,105
"Hugo",1989,100
"Hugo",1989,90
"Hugo",1989,90
"Hugo",1989,90
"Hugo",1989,90
"Hugo",1989,90
"Hugo",1989,95
"Hugo",1989,95
"Hugo",1989,100
"Hugo",1989,100
"Hugo",1989,110
"Hugo",1989,120
"Hugo",1989,120
"Hugo",1989,120
"Hugo",1989,85
"Jerry",1989,65
"Jerry",1989,70
"Jerry",1989,75
"Jerry",1989,75
"Bertha",1990,65
"Bertha",1990,65
"Bertha",1990,65
"Bertha",1990,65
"Bertha",1990,65
"Bertha",1990,70
"Bertha",1990,65
"Bertha",1990,65
"Bertha",1990,65
"Bertha",1990,65
"Bertha",1990,65
"Bertha",1990,65
"Bertha",1990,65
"Bertha",1990,70
"Diana",1990,65
"Diana",1990,75
"Diana",1990,85
"Diana",1990,85
"Gustav",1990,65
"Gustav",1990,70
"Gustav",1990,75
"Gustav",1990,85
"Gustav",1990,90
"Gustav",1990,95
"Gustav",1990,95
"Gustav",1990,90
"Gustav",1990,85
"Gustav",1990,80
"Gustav",1990,75
"Gustav",1990,70
"Gustav",1990,75
"Gustav",1990,75
"Gustav",1990,80
"Gustav",1990,85
"Gustav",1990,90
"Gustav",1990,95
"Gustav",1990,100
"Gustav",1990,105
"Gustav",1990,100
"Gustav",1990,100
"Gustav",1990,95
"Gustav",1990,90
"Gustav",1990,85
"Gustav",1990,80
"Gustav",1990,75
"Gustav",1990,70
"Gustav",1990,65
"Isidore",1990,65
"Isidore",1990,75
"Isidore",1990,85
"Isidore",1990,80
"Isidore",1990,75
"Isidore",1990,70
"Isidore",1990,65
"Isidore",1990,65
"Isidore",1990,65
"Isidore",1990,65
"Isidore",1990,65
"Isidore",1990,65
"Isidore",1990,65
"Isidore",1990,75
"Isidore",1990,80
"Isidore",1990,80
"Isidore",1990,75
"Isidore",1990,75
"Isidore",1990,70
"Isidore",1990,65
"Isidore",1990,65
"Isidore",1990,65
"Isidore",1990,65
"Isidore",1990,65
"Isidore",1990,65
"Isidore",1990,65
"Isidore",1990,65
"Isidore",1990,65
"Isidore",1990,65
"Isidore",1990,65
"Isidore",1990,65
"Isidore",1990,65
"Isidore",1990,65
"Josephine",1990,65
"Josephine",1990,65
"Josephine",1990,70
"Josephine",1990,75
"Josephine",1990,70
"Josephine",1990,70
"Klaus",1990,70
"Klaus",1990,70
"Klaus",1990,65
"Lili",1990,65
"Lili",1990,65
"Lili",1990,65
"Lili",1990,65
"Lili",1990,65
"Lili",1990,65
"Lili",1990,65
"Lili",1990,65
"Lili",1990,65
"Lili",1990,65
"Nana",1990,65
"Nana",1990,70
"Nana",1990,75
"Nana",1990,75
"Nana",1990,70
"Nana",1990,65
"Nana",1990,70
"Nana",1990,75
"Nana",1990,70
"Bob",1991,65
"Bob",1991,70
"Bob",1991,75
"Bob",1991,80
"Bob",1991,85
"Bob",1991,95
"Bob",1991,100
"Bob",1991,95
"Bob",1991,90
"Bob",1991,85
"Claudette",1991,75
"Claudette",1991,95
"Claudette",1991,105
"Claudette",1991,110
"Claudette",1991,115
"Claudette",1991,115
"Claudette",1991,100
"Claudette",1991,90
"Claudette",1991,85
"Claudette",1991,85
"Claudette",1991,80
"Claudette",1991,80
"Claudette",1991,75
"Claudette",1991,75
"Claudette",1991,75
"Claudette",1991,70
"Grace",1991,65
"Grace",1991,65
"Grace",1991,65
"Grace",1991,65
"Grace",1991,70
"Grace",1991,75
"Grace",1991,85
"Grace",1991,90
"AL121991",1991,65
"AL121991",1991,65
"Andrew",1992,65
"Andrew",1992,80
"Andrew",1992,95
"Andrew",1992,110
"Andrew",1992,130
"Andrew",1992,145
"Andrew",1992,150
"Andrew",1992,140
"Andrew",1992,125
"Andrew",1992,130
"Andrew",1992,130
"Andrew",1992,145
"Andrew",1992,145
"Andrew",1992,115
"Andrew",1992,115
"Andrew",1992,115
"Andrew",1992,115
"Andrew",1992,120
"Andrew",1992,125
"Andrew",1992,125
"Andrew",1992,120
"Andrew",1992,100
"Andrew",1992,80
"Bonnie",1992,65
"Bonnie",1992,75
"Bonnie",1992,80
"Bonnie",1992,85
"Bonnie",1992,90
"Bonnie",1992,90
"Bonnie",1992,85
"Bonnie",1992,85
"Bonnie",1992,85
"Bonnie",1992,90
"Bonnie",1992,90
"Bonnie",1992,90
"Bonnie",1992,95
"Bonnie",1992,95
"Bonnie",1992,95
"Bonnie",1992,90
"Bonnie",1992,90
"Bonnie",1992,90
"Bonnie",1992,85
"Bonnie",1992,85
"Bonnie",1992,80
"Bonnie",1992,75
"Bonnie",1992,70
"Bonnie",1992,65
"Charley",1992,65
"Charley",1992,75
"Charley",1992,85
"Charley",1992,90
"Charley",1992,90
"Charley",1992,95
"Charley",1992,95
"Charley",1992,90
"Charley",1992,85
"Charley",1992,75
"Charley",1992,70
"Charley",1992,65
"Charley",1992,65
"Charley",1992,65
"Frances",1992,65
"Frances",1992,65
"Frances",1992,70
"Frances",1992,75
"Frances",1992,75
"Frances",1992,70
"Frances",1992,65
"Frances",1992,65
"Emily",1993,65
"Emily",1993,65
"Emily",1993,75
"Emily",1993,75
"Emily",1993,75
"Emily",1993,75
"Emily",1993,70
"Emily",1993,70
"Emily",1993,70
"Emily",1993,70
"Emily",1993,70
"Emily",1993,70
"Emily",1993,75
"Emily",1993,75
"Emily",1993,80
"Emily",1993,85
"Emily",1993,95
"Emily",1993,100
"Emily",1993,100
"Emily",1993,100
"Emily",1993,100
"Emily",1993,95
"Emily",1993,90
"Emily",1993,90
"Emily",1993,90
"Emily",1993,90
"Emily",1993,85
"Emily",1993,80
"Emily",1993,75
"Emily",1993,70
"Floyd",1993,65
"Floyd",1993,65
"Floyd",1993,65
"Floyd",1993,65
"Gert",1993,65
"Gert",1993,80
"Gert",1993,85
"Gert",1993,85
"Gert",1993,65
"Harvey",1993,65
"Chris",1994,65
"Chris",1994,65
"Chris",1994,65
"Chris",1994,70
"Chris",1994,70
"Chris",1994,70
"Chris",1994,70
"Chris",1994,65
"Florence",1994,65
"Florence",1994,65
"Florence",1994,65
"Florence",1994,70
"Florence",1994,75
"Florence",1994,75
"Florence",1994,75
"Florence",1994,75
"Florence",1994,65
"Florence",1994,65
"Florence",1994,70
"Florence",1994,80
"Florence",1994,90
"Florence",1994,95
"Florence",1994,95
"Florence",1994,85
"Florence",1994,75
"Gordon",1994,65
"Gordon",1994,75
"Gordon",1994,70
"Gordon",1994,70
"Allison",1995,65
"Allison",1995,65
"Allison",1995,65
"Erin",1995,70
"Erin",1995,75
"Erin",1995,75
"Erin",1995,75
"Erin",1995,75
"Erin",1995,75
"Erin",1995,75
"Erin",1995,65
"Erin",1995,70
"Erin",1995,80
"Erin",1995,85
"Erin",1995,75
"Erin",1995,65
"Felix",1995,65
"Felix",1995,70
"Felix",1995,80
"Felix",1995,90
"Felix",1995,100
"Felix",1995,110
"Felix",1995,115
"Felix",1995,120
"Felix",1995,115
"Felix",1995,105
"Felix",1995,100
"Felix",1995,95
"Felix",1995,90
"Felix",1995,80
"Felix",1995,80
"Felix",1995,75
"Felix",1995,75
"Felix",1995,75
"Felix",1995,70
"Felix",1995,70
"Felix",1995,70
"Felix",1995,70
"Felix",1995,70
"Felix",1995,70
"Felix",1995,65
"Felix",1995,65
"Felix",1995,65
"Felix",1995,65
"Felix",1995,65
"Felix",1995,65
"Felix",1995,65
"Felix",1995,70
"Felix",1995,70
"Felix",1995,70
"Felix",1995,70
"Felix",1995,70
"Felix",1995,65
"Humberto",1995,65
"Humberto",1995,70
"Humberto",1995,75
"Humberto",1995,80
"Humberto",1995,85
"Humberto",1995,90
"Humberto",1995,95
"Humberto",1995,90
"Humberto",1995,90
"Humberto",1995,90
"Humberto",1995,90
"Humberto",1995,90
"Humberto",1995,90
"Humberto",1995,85
"Humberto",1995,80
"Humberto",1995,80
"Humberto",1995,75
"Humberto",1995,70
"Humberto",1995,70
"Humberto",1995,65
"Humberto",1995,65
"Humberto",1995,65
"Humberto",1995,65
"Humberto",1995,65
"Humberto",1995,70
"Humberto",1995,75
"Humberto",1995,75
"Humberto",1995,80
"Humberto",1995,80
"Humberto",1995,80
"Humberto",1995,80
"Humberto",1995,80
"Humberto",1995,80
"Humberto",1995,70
"Iris",1995,75
"Iris",1995,70
"Iris",1995,70
"Iris",1995,65
"Iris",1995,65
"Iris",1995,70
"Iris",1995,80
"Iris",1995,75
"Iris",1995,70
"Iris",1995,70
"Iris",1995,70
"Iris",1995,75
"Iris",1995,75
"Iris",1995,75
"Iris",1995,75
"Iris",1995,75
"Iris",1995,85
"Iris",1995,90
"Iris",1995,95
"Iris",1995,90
"Iris",1995,85
"Iris",1995,85
"Iris",1995,85
"Iris",1995,80
"Iris",1995,75
"Iris",1995,75
"Iris",1995,75
"Iris",1995,75
"Iris",1995,70
"Iris",1995,65
"Luis",1995,75
"Luis",1995,80
"Luis",1995,90
"Luis",1995,100
"Luis",1995,105
"Luis",1995,115
"Luis",1995,115
"Luis",1995,115
"Luis",1995,115
"Luis",1995,120
"Luis",1995,120
"Luis",1995,120
"Luis",1995,120
"Luis",1995,120
"Luis",1995,125
"Luis",1995,125
"Luis",1995,130
"Luis",1995,130
"Luis",1995,125
"Luis",1995,125
"Luis",1995,120
"Luis",1995,115
"Luis",1995,115
"Luis",1995,115
"Luis",1995,120
"Luis",1995,120
"Luis",1995,125
"Luis",1995,125
"Luis",1995,120
"Luis",1995,115
"Luis",1995,115
"Luis",1995,115
"Luis",1995,115
"Luis",1995,110
"Luis",1995,105
"Luis",1995,100
"Luis",1995,95
"Luis",1995,90
"Luis",1995,85
"Luis",1995,85
"Luis",1995,85
"Luis",1995,85
"Marilyn",1995,65
"Marilyn",1995,70
"Marilyn",1995,70
"Marilyn",1995,70
"Marilyn",1995,70
"Marilyn",1995,75
"Marilyn",1995,80
"Marilyn",1995,80
"Marilyn",1995,85
"Marilyn",1995,90
"Marilyn",1995,95
"Marilyn",1995,95
"Marilyn",1995,100
"Marilyn",1995,100
"Marilyn",1995,100
"Marilyn",1995,95
"Marilyn",1995,80
"Marilyn",1995,80
"Marilyn",1995,85
"Marilyn",1995,85
"Marilyn",1995,85
"Marilyn",1995,80
"Marilyn",1995,80
"Marilyn",1995,75
"Marilyn",1995,75
"Marilyn",1995,80
"Marilyn",1995,80
"Marilyn",1995,75
"Marilyn",1995,70
"Marilyn",1995,70
"Marilyn",1995,65
"Marilyn",1995,65
"Marilyn",1995,65
"Noel",1995,65
"Noel",1995,65
"Noel",1995,65
"Noel",1995,65
"Noel",1995,65
"Noel",1995,65
"Noel",1995,65
"Noel",1995,65
"Noel",1995,65
"Noel",1995,65
"Noel",1995,65
"Opal",1995,65
"Opal",1995,65
"Opal",1995,70
"Opal",1995,75
"Opal",1995,80
"Opal",1995,85
"Opal",1995,100
"Opal",1995,110
"Opal",1995,130
"Opal",1995,130
"Opal",1995,110
"Opal",1995,100
"Opal",1995,80
"Roxanne",1995,70
"Roxanne",1995,80
"Roxanne",1995,95
"Roxanne",1995,100
"Roxanne",1995,100
"Roxanne",1995,100
"Roxanne",1995,90
"Roxanne",1995,75
"Roxanne",1995,70
"Roxanne",1995,65
"Roxanne",1995,65
"Roxanne",1995,65
"Roxanne",1995,70
"Roxanne",1995,70
"Roxanne",1995,75
"Roxanne",1995,75
"Roxanne",1995,75
"Roxanne",1995,75
"Roxanne",1995,70
"Roxanne",1995,65
"Roxanne",1995,65
"Roxanne",1995,65
"Tanya",1995,65
"Tanya",1995,70
"Tanya",1995,70
"Tanya",1995,70
"Tanya",1995,70
"Tanya",1995,75
"Tanya",1995,75
"Tanya",1995,75
"Tanya",1995,75
"Tanya",1995,75
"Tanya",1995,70
"Tanya",1995,65
"Bertha",1996,70
"Bertha",1996,75
"Bertha",1996,75
"Bertha",1996,70
"Bertha",1996,75
"Bertha",1996,80
"Bertha",1996,100
"Bertha",1996,100
"Bertha",1996,90
"Bertha",1996,85
"Bertha",1996,80
"Bertha",1996,80
"Bertha",1996,80
"Bertha",1996,75
"Bertha",1996,75
"Bertha",1996,75
"Bertha",1996,70
"Bertha",1996,70
"Bertha",1996,70
"Bertha",1996,85
"Bertha",1996,90
"Bertha",1996,90
"Bertha",1996,65
"Cesar",1996,70
"Cesar",1996,65
"Cesar",1996,70
"Cesar",1996,75
"Cesar",1996,70
"Dolly",1996,65
"Dolly",1996,65
"Dolly",1996,70
"Edouard",1996,65
"Edouard",1996,65
"Edouard",1996,70
"Edouard",1996,75
"Edouard",1996,90
"Edouard",1996,100
"Edouard",1996,120
"Edouard",1996,125
"Edouard",1996,125
"Edouard",1996,125
"Edouard",1996,125
"Edouard",1996,125
"Edouard",1996,125
"Edouard",1996,125
"Edouard",1996,125
"Edouard",1996,120
"Edouard",1996,115
"Edouard",1996,115
"Edouard",1996,125
"Edouard",1996,115
"Edouard",1996,110
"Edouard",1996,110
"Edouard",1996,110
"Edouard",1996,110
"Edouard",1996,115
"Edouard",1996,120
"Edouard",1996,120
"Edouard",1996,120
"Edouard",1996,120
"Edouard",1996,120
"Edouard",1996,110
"Edouard",1996,105
"Edouard",1996,105
"Edouard",1996,100
"Edouard",1996,100
"Edouard",1996,100
"Edouard",1996,95
"Edouard",1996,85
"Edouard",1996,80
"Edouard",1996,70
"Edouard",1996,70
"Edouard",1996,65
"Fran",1996,65
"Fran",1996,65
"Fran",1996,65
"Fran",1996,65
"Fran",1996,65
"Fran",1996,65
"Fran",1996,65
"Fran",1996,65
"Fran",1996,65
"Fran",1996,65
"Fran",1996,65
"Fran",1996,70
"Fran",1996,75
"Fran",1996,75
"Fran",1996,75
"Fran",1996,75
"Fran",1996,75
"Fran",1996,75
"Fran",1996,80
"Fran",1996,80
"Fran",1996,85
"Fran",1996,95
"Fran",1996,100
"Fran",1996,105
"Fran",1996,105
"Fran",1996,105
"Fran",1996,105
"Fran",1996,100
"Fran",1996,100
"Fran",1996,100
"Fran",1996,100
"Fran",1996,65
"Hortense",1996,70
"Hortense",1996,70
"Hortense",1996,70
"Hortense",1996,70
"Hortense",1996,70
"Hortense",1996,65
"Hortense",1996,65
"Hortense",1996,70
"Hortense",1996,75
"Hortense",1996,90
"Hortense",1996,95
"Hortense",1996,100
"Hortense",1996,105
"Hortense",1996,115
"Hortense",1996,115
"Hortense",1996,120
"Hortense",1996,115
"Hortense",1996,100
"Hortense",1996,100
"Hortense",1996,90
"Hortense",1996,90
"Hortense",1996,85
"Hortense",1996,75
"Hortense",1996,70
"Hortense",1996,70
"Hortense",1996,65
"Isidore",1996,70
"Isidore",1996,70
"Isidore",1996,75
"Isidore",1996,80
"Isidore",1996,85
"Isidore",1996,90
"Isidore",1996,95
"Isidore",1996,100
"Isidore",1996,100
"Isidore",1996,95
"Isidore",1996,90
"Isidore",1996,85
"Isidore",1996,75
"Isidore",1996,70
"Isidore",1996,65
"Lili",1996,65
"Lili",1996,70
"Lili",1996,70
"Lili",1996,75
"Lili",1996,85
"Lili",1996,85
"Lili",1996,80
"Lili",1996,85
"Lili",1996,90
"Lili",1996,100
"Lili",1996,90
"Lili",1996,80
"Lili",1996,80
"Lili",1996,85
"Lili",1996,75
"Lili",1996,75
"Lili",1996,70
"Lili",1996,65
"Lili",1996,65
"Lili",1996,65
"Lili",1996,65
"Lili",1996,65
"Lili",1996,65
"Lili",1996,65
"Lili",1996,65
"Lili",1996,65
"Lili",1996,70
"Lili",1996,70
"Lili",1996,70
"Lili",1996,70
"Lili",1996,75
"Lili",1996,80
"Lili",1996,80
"Lili",1996,85
"Lili",1996,80
"Lili",1996,75
"Lili",1996,70
"Lili",1996,65
"Marco",1996,65
"Marco",1996,65
"Bill",1997,65
"Bill",1997,65
"Bill",1997,65
"Danny",1997,65
"Danny",1997,65
"Danny",1997,70
"Danny",1997,70
"Danny",1997,70
"Danny",1997,65
"Danny",1997,70
"Danny",1997,70
"Danny",1997,65
"Erika",1997,65
"Erika",1997,65
"Erika",1997,65
"Erika",1997,65
"Erika",1997,65
"Erika",1997,65
"Erika",1997,70
"Erika",1997,70
"Erika",1997,75
"Erika",1997,75
"Erika",1997,75
"Erika",1997,75
"Erika",1997,90
"Erika",1997,95
"Erika",1997,100
"Erika",1997,105
"Erika",1997,110
"Erika",1997,110
"Erika",1997,110
"Erika",1997,110
"Erika",1997,110
"Erika",1997,105
"Erika",1997,100
"Erika",1997,95
"Erika",1997,90
"Erika",1997,80
"Erika",1997,75
"Erika",1997,70
"Erika",1997,65
"Bonnie",1998,65
"Bonnie",1998,70
"Bonnie",1998,75
"Bonnie",1998,85
"Bonnie",1998,90
"Bonnie",1998,95
"Bonnie",1998,100
"Bonnie",1998,100
"Bonnie",1998,100
"Bonnie",1998,100
"Bonnie",1998,100
"Bonnie",1998,100
"Bonnie",1998,100
"Bonnie",1998,100
"Bonnie",1998,100
"Bonnie",1998,100
"Bonnie",1998,100
"Bonnie",1998,100
"Bonnie",1998,100
"Bonnie",1998,100
"Bonnie",1998,95
"Bonnie",1998,95
"Bonnie",1998,85
"Bonnie",1998,75
"Bonnie",1998,65
"Bonnie",1998,75
"Bonnie",1998,65
"Danielle",1998,65
"Danielle",1998,75
"Danielle",1998,80
"Danielle",1998,90
"Danielle",1998,85
"Danielle",1998,80
"Danielle",1998,80
"Danielle",1998,85
"Danielle",1998,90
"Danielle",1998,85
"Danielle",1998,80
"Danielle",1998,80
"Danielle",1998,80
"Danielle",1998,80
"Danielle",1998,75
"Danielle",1998,70
"Danielle",1998,70
"Danielle",1998,70
"Danielle",1998,65
"Danielle",1998,65
"Danielle",1998,65
"Danielle",1998,65
"Danielle",1998,70
"Danielle",1998,75
"Danielle",1998,90
"Danielle",1998,85
"Danielle",1998,85
"Danielle",1998,85
"Danielle",1998,85
"Danielle",1998,90
"Danielle",1998,80
"Danielle",1998,75
"Danielle",1998,70
"Danielle",1998,70
"Danielle",1998,70
"Danielle",1998,70
"Danielle",1998,70
"Danielle",1998,65
"Earl",1998,70
"Earl",1998,85
"Earl",1998,80
"Earl",1998,70
"Georges",1998,65
"Georges",1998,70
"Georges",1998,80
"Georges",1998,85
"Georges",1998,90
"Georges",1998,90
"Georges",1998,95
"Georges",1998,110
"Georges",1998,125
"Georges",1998,130
"Georges",1998,135
"Georges",1998,130
"Georges",1998,115
"Georges",1998,100
"Georges",1998,100
"Georges",1998,100
"Georges",1998,100
"Georges",1998,95
"Georges",1998,90
"Georges",1998,100
"Georges",1998,90
"Georges",1998,95
"Georges",1998,105
"Georges",1998,105
"Georges",1998,95
"Georges",1998,70
"Georges",1998,65
"Georges",1998,65
"Georges",1998,65
"Georges",1998,65
"Georges",1998,65
"Georges",1998,65
"Georges",1998,70
"Georges",1998,75
"Georges",1998,80
"Georges",1998,85
"Georges",1998,90
"Georges",1998,90
"Georges",1998,90
"Georges",1998,90
"Georges",1998,90
"Georges",1998,90
"Georges",1998,90
"Georges",1998,95
"Georges",1998,95
"Georges",1998,95
"Georges",1998,95
"Georges",1998,95
"Georges",1998,90
"Georges",1998,90
"Georges",1998,90
"Georges",1998,65
"Ivan",1998,65
"Ivan",1998,65
"Ivan",1998,70
"Ivan",1998,70
"Ivan",1998,70
"Ivan",1998,70
"Ivan",1998,70
"Ivan",1998,70
"Ivan",1998,75
"Ivan",1998,75
"Ivan",1998,80
"Ivan",1998,75
"Ivan",1998,75
"Jeanne",1998,65
"Jeanne",1998,70
"Jeanne",1998,75
"Jeanne",1998,80
"Jeanne",1998,85
"Jeanne",1998,85
"Jeanne",1998,90
"Jeanne",1998,90
"Jeanne",1998,90
"Jeanne",1998,90
"Jeanne",1998,90
"Jeanne",1998,85
"Jeanne",1998,80
"Jeanne",1998,75
"Jeanne",1998,70
"Jeanne",1998,70
"Jeanne",1998,75
"Jeanne",1998,75
"Jeanne",1998,70
"Jeanne",1998,70
"Jeanne",1998,70
"Jeanne",1998,70
"Jeanne",1998,70
"Jeanne",1998,75
"Jeanne",1998,80
"Jeanne",1998,80
"Jeanne",1998,75
"Jeanne",1998,65
"Karl",1998,65
"Karl",1998,70
"Karl",1998,75
"Karl",1998,75
"Karl",1998,75
"Karl",1998,80
"Karl",1998,90
"Karl",1998,90
"Karl",1998,80
"Karl",1998,70
"Lisa",1998,65
"Lisa",1998,65
"Mitch",1998,65
"Mitch",1998,75
"Mitch",1998,90
"Mitch",1998,100
"Mitch",1998,105
"Mitch",1998,115
"Mitch",1998,125
"Mitch",1998,130
"Mitch",1998,135
"Mitch",1998,145
"Mitch",1998,155
"Mitch",1998,155
"Mitch",1998,150
"Mitch",1998,150
"Mitch",1998,145
"Mitch",1998,140
"Mitch",1998,130
"Mitch",1998,115
"Mitch",1998,95
"Mitch",1998,85
"Mitch",1998,75
"Mitch",1998,70
"Nicole",1998,65
"Nicole",1998,65
"Nicole",1998,65
"Nicole",1998,70
"Nicole",1998,75
"Nicole",1998,70
"Bret",1999,65
"Bret",1999,75
"Bret",1999,80
"Bret",1999,90
"Bret",1999,120
"Bret",1999,125
"Bret",1999,125
"Bret",1999,120
"Bret",1999,100
"Bret",1999,80
"Cindy",1999,65
"Cindy",1999,65
"Cindy",1999,65
"Cindy",1999,65
"Cindy",1999,65
"Cindy",1999,65
"Cindy",1999,70
"Cindy",1999,80
"Cindy",1999,80
"Cindy",1999,90
"Cindy",1999,90
"Cindy",1999,100
"Cindy",1999,115
"Cindy",1999,120
"Cindy",1999,120
"Cindy",1999,120
"Cindy",1999,115
"Cindy",1999,100
"Cindy",1999,95
"Cindy",1999,90
"Cindy",1999,90
"Cindy",1999,80
"Cindy",1999,80
"Cindy",1999,70
"Dennis",1999,65
"Dennis",1999,65
"Dennis",1999,70
"Dennis",1999,65
"Dennis",1999,65
"Dennis",1999,65
"Dennis",1999,65
"Dennis",1999,70
"Dennis",1999,75
"Dennis",1999,75
"Dennis",1999,85
"Dennis",1999,90
"Dennis",1999,90
"Dennis",1999,90
"Dennis",1999,90
"Dennis",1999,90
"Dennis",1999,90
"Dennis",1999,90
"Dennis",1999,85
"Dennis",1999,85
"Dennis",1999,80
"Dennis",1999,80
"Dennis",1999,75
"Dennis",1999,70
"Floyd",1999,70
"Floyd",1999,70
"Floyd",1999,80
"Floyd",1999,95
"Floyd",1999,95
"Floyd",1999,90
"Floyd",1999,85
"Floyd",1999,95
"Floyd",1999,105
"Floyd",1999,115
"Floyd",1999,125
"Floyd",1999,135
"Floyd",1999,135
"Floyd",1999,125
"Floyd",1999,115
"Floyd",1999,105
"Floyd",1999,105
"Floyd",1999,110
"Floyd",1999,110
"Floyd",1999,115
"Floyd",1999,110
"Floyd",1999,100
"Floyd",1999,95
"Floyd",1999,90
"Floyd",1999,90
"Floyd",1999,90
"Floyd",1999,70
"Gert",1999,65
"Gert",1999,70
"Gert",1999,75
"Gert",1999,85
"Gert",1999,90
"Gert",1999,95
"Gert",1999,100
"Gert",1999,110
"Gert",1999,115
"Gert",1999,125
"Gert",1999,130
"Gert",1999,130
"Gert",1999,125
"Gert",1999,120
"Gert",1999,115
"Gert",1999,125
"Gert",1999,125
"Gert",1999,115
"Gert",1999,110
"Gert",1999,105
"Gert",1999,105
"Gert",1999,105
"Gert",1999,110
"Gert",1999,115
"Gert",1999,115
"Gert",1999,115
"Gert",1999,115
"Gert",1999,110
"Gert",1999,105
"Gert",1999,100
"Gert",1999,95
"Gert",1999,90
"Gert",1999,85
"Gert",1999,80
"Gert",1999,75
"Gert",1999,75
"Gert",1999,70
"Gert",1999,65
"Irene",1999,65
"Irene",1999,65
"Irene",1999,65
"Irene",1999,65
"Irene",1999,70
"Irene",1999,65
"Irene",1999,65
"Irene",1999,65
"Irene",1999,65
"Irene",1999,65
"Irene",1999,65
"Irene",1999,65
"Irene",1999,70
"Irene",1999,80
"Irene",1999,95
"Irene",1999,95
"Irene",1999,90
"Irene",1999,80
"Irene",1999,80
"Jose",1999,65
"Jose",1999,70
"Jose",1999,80
"Jose",1999,85
"Jose",1999,80
"Jose",1999,80
"Jose",1999,75
"Jose",1999,65
"Jose",1999,65
"Jose",1999,65
"Lenny",1999,70
"Lenny",1999,75
"Lenny",1999,85
"Lenny",1999,75
"Lenny",1999,75
"Lenny",1999,75
"Lenny",1999,85
"Lenny",1999,85
"Lenny",1999,100
"Lenny",1999,105
"Lenny",1999,115
"Lenny",1999,135
"Lenny",1999,130
"Lenny",1999,125
"Lenny",1999,120
"Lenny",1999,110
"Lenny",1999,85
"Lenny",1999,75
"Lenny",1999,70
"Alberto",2000,65
"Alberto",2000,65
"Alberto",2000,70
"Alberto",2000,75
"Alberto",2000,75
"Alberto",2000,80
"Alberto",2000,80
"Alberto",2000,80
"Alberto",2000,75
"Alberto",2000,70
"Alberto",2000,70
"Alberto",2000,65
"Alberto",2000,65
"Alberto",2000,65
"Alberto",2000,65
"Alberto",2000,65
"Alberto",2000,70
"Alberto",2000,75
"Alberto",2000,80
"Alberto",2000,85
"Alberto",2000,90
"Alberto",2000,100
"Alberto",2000,110
"Alberto",2000,110
"Alberto",2000,105
"Alberto",2000,95
"Alberto",2000,85
"Alberto",2000,75
"Alberto",2000,65
"Alberto",2000,65
"Alberto",2000,75
"Alberto",2000,80
"Alberto",2000,85
"Alberto",2000,90
"Alberto",2000,90
"Alberto",2000,90
"Alberto",2000,85
"Alberto",2000,85
"Alberto",2000,85
"Alberto",2000,80
"Alberto",2000,80
"Alberto",2000,80
"Alberto",2000,75
"Alberto",2000,75
"Alberto",2000,70
"Alberto",2000,65
"Alberto",2000,65
"Debby",2000,65
"Debby",2000,75
"Debby",2000,75
"Debby",2000,70
"Debby",2000,70
"Debby",2000,65
"Debby",2000,65
"Debby",2000,65
"Debby",2000,65
"Debby",2000,65
"Debby",2000,65
"Debby",2000,65
"Florence",2000,65
"Florence",2000,65
"Florence",2000,65
"Florence",2000,65
"Florence",2000,65
"Florence",2000,65
"Florence",2000,65
"Florence",2000,65
"Florence",2000,70
"Gordon",2000,65
"Gordon",2000,70
"Gordon",2000,65
"Gordon",2000,65
"Isaac",2000,70
"Isaac",2000,85
"Isaac",2000,105
"Isaac",2000,100
"Isaac",2000,100
"Isaac",2000,100
"Isaac",2000,95
"Isaac",2000,95
"Isaac",2000,90
"Isaac",2000,90
"Isaac",2000,90
"Isaac",2000,85
"Isaac",2000,75
"Isaac",2000,75
"Isaac",2000,80
"Isaac",2000,85
"Isaac",2000,90
"Isaac",2000,95
"Isaac",2000,100
"Isaac",2000,105
"Isaac",2000,110
"Isaac",2000,120
"Isaac",2000,115
"Isaac",2000,110
"Isaac",2000,105
"Isaac",2000,90
"Isaac",2000,85
"Isaac",2000,80
"Isaac",2000,75
"Isaac",2000,70
"Isaac",2000,65
"Joyce",2000,65
"Joyce",2000,70
"Joyce",2000,75
"Joyce",2000,80
"Joyce",2000,80
"Joyce",2000,75
"Joyce",2000,75
"Joyce",2000,70
"Joyce",2000,65
"Keith",2000,65
"Keith",2000,75
"Keith",2000,100
"Keith",2000,120
"Keith",2000,120
"Keith",2000,115
"Keith",2000,110
"Keith",2000,100
"Keith",2000,80
"Keith",2000,70
"Keith",2000,65
"Keith",2000,65
"Keith",2000,65
"Keith",2000,75
"Keith",2000,80
"Michael",2000,65
"Michael",2000,65
"Michael",2000,65
"Michael",2000,65
"Michael",2000,70
"Michael",2000,75
"Michael",2000,65
"Michael",2000,75
"Michael",2000,85
"Erin",2001,75
"Erin",2001,90
"Erin",2001,95
"Erin",2001,105
"Erin",2001,105
"Erin",2001,105
"Erin",2001,100
"Erin",2001,90
"Erin",2001,80
"Erin",2001,80
"Erin",2001,80
"Erin",2001,80
"Erin",2001,80
"Erin",2001,75
"Erin",2001,75
"Erin",2001,75
"Erin",2001,75
"Erin",2001,70
"Erin",2001,70
"Erin",2001,70
"Erin",2001,70
"Erin",2001,65
"Erin",2001,65
"Erin",2001,65
"Felix",2001,65
"Felix",2001,75
"Felix",2001,85
"Felix",2001,95
"Felix",2001,100
"Felix",2001,100
"Felix",2001,95
"Felix",2001,90
"Felix",2001,90
"Felix",2001,90
"Felix",2001,90
"Felix",2001,85
"Felix",2001,85
"Felix",2001,80
"Felix",2001,75
"Felix",2001,70
"Felix",2001,70
"Felix",2001,65
"Gabrielle",2001,65
"Gabrielle",2001,65
"Gabrielle",2001,70
"Gabrielle",2001,70
"Humberto",2001,65
"Humberto",2001,80
"Humberto",2001,85
"Humberto",2001,75
"Humberto",2001,70
"Humberto",2001,70
"Humberto",2001,65
"Humberto",2001,65
"Humberto",2001,65
"Humberto",2001,65
"Humberto",2001,65
"Humberto",2001,75
"Humberto",2001,90
"Humberto",2001,80
"Humberto",2001,70
"Humberto",2001,65
"Iris",2001,65
"Iris",2001,75
"Iris",2001,75
"Iris",2001,75
"Iris",2001,75
"Iris",2001,80
"Iris",2001,90
"Iris",2001,120
"Iris",2001,115
"Iris",2001,125
"Iris",2001,125
"Karen",2001,65
"Karen",2001,65
"Karen",2001,70
"Michelle",2001,70
"Michelle",2001,80
"Michelle",2001,90
"Michelle",2001,105
"Michelle",2001,115
"Michelle",2001,110
"Michelle",2001,110
"Michelle",2001,115
"Michelle",2001,120
"Michelle",2001,120
"Michelle",2001,120
"Michelle",2001,115
"Michelle",2001,105
"Michelle",2001,80
"Michelle",2001,80
"Michelle",2001,75
"Noel",2001,65
"Noel",2001,65
"Olga",2001,65
"Olga",2001,65
"Olga",2001,75
"Olga",2001,80
"Olga",2001,80
"Olga",2001,75
"Olga",2001,75
"Olga",2001,75
"Olga",2001,75
"Olga",2001,70
"Olga",2001,65
"Gustav",2002,70
"Gustav",2002,85
"Gustav",2002,80
"Gustav",2002,80
"Gustav",2002,80
"Gustav",2002,75
"Gustav",2002,65
"Isidore",2002,65
"Isidore",2002,75
"Isidore",2002,90
"Isidore",2002,85
"Isidore",2002,75
"Isidore",2002,75
"Isidore",2002,75
"Isidore",2002,85
"Isidore",2002,100
"Isidore",2002,110
"Isidore",2002,110
"Isidore",2002,110
"Isidore",2002,110
"Isidore",2002,110
"Isidore",2002,110
"Isidore",2002,100
"Isidore",2002,70
"Kyle",2002,65
"Kyle",2002,65
"Kyle",2002,70
"Kyle",2002,75
"Kyle",2002,75
"Kyle",2002,75
"Kyle",2002,75
"Kyle",2002,75
"Kyle",2002,70
"Kyle",2002,70
"Kyle",2002,65
"Lili",2002,65
"Lili",2002,65
"Lili",2002,65
"Lili",2002,70
"Lili",2002,75
"Lili",2002,90
"Lili",2002,90
"Lili",2002,90
"Lili",2002,90
"Lili",2002,90
"Lili",2002,100
"Lili",2002,110
"Lili",2002,120
"Lili",2002,125
"Lili",2002,125
"Lili",2002,105
"Lili",2002,80
"Lili",2002,80
"Claudette",2003,70
"Claudette",2003,65
"Claudette",2003,75
"Claudette",2003,80
"Claudette",2003,70
"Danny",2003,65
"Danny",2003,65
"Danny",2003,65
"Danny",2003,65
"Erika",2003,65
"Erika",2003,65
"Fabian",2003,65
"Fabian",2003,70
"Fabian",2003,85
"Fabian",2003,100
"Fabian",2003,110
"Fabian",2003,110
"Fabian",2003,110
"Fabian",2003,115
"Fabian",2003,120
"Fabian",2003,120
"Fabian",2003,120
"Fabian",2003,125
"Fabian",2003,125
"Fabian",2003,120
"Fabian",2003,120
"Fabian",2003,120
"Fabian",2003,115
"Fabian",2003,110
"Fabian",2003,110
"Fabian",2003,110
"Fabian",2003,115
"Fabian",2003,105
"Fabian",2003,105
"Fabian",2003,110
"Fabian",2003,115
"Fabian",2003,105
"Fabian",2003,105
"Fabian",2003,105
"Fabian",2003,100
"Fabian",2003,100
"Fabian",2003,100
"Fabian",2003,100
"Fabian",2003,90
"Fabian",2003,85
"Fabian",2003,80
"Fabian",2003,75
"Fabian",2003,70
"Fabian",2003,70
"Fabian",2003,65
"Isabel",2003,65
"Isabel",2003,70
"Isabel",2003,80
"Isabel",2003,95
"Isabel",2003,110
"Isabel",2003,110
"Isabel",2003,115
"Isabel",2003,115
"Isabel",2003,115
"Isabel",2003,115
"Isabel",2003,110
"Isabel",2003,110
"Isabel",2003,115
"Isabel",2003,120
"Isabel",2003,125
"Isabel",2003,125
"Isabel",2003,135
"Isabel",2003,145
"Isabel",2003,140
"Isabel",2003,140
"Isabel",2003,140
"Isabel",2003,140
"Isabel",2003,135
"Isabel",2003,130
"Isabel",2003,135
"Isabel",2003,140
"Isabel",2003,135
"Isabel",2003,135
"Isabel",2003,135
"Isabel",2003,140
"Isabel",2003,130
"Isabel",2003,125
"Isabel",2003,120
"Isabel",2003,115
"Isabel",2003,105
"Isabel",2003,100
"Isabel",2003,95
"Isabel",2003,95
"Isabel",2003,95
"Isabel",2003,95
"Isabel",2003,90
"Isabel",2003,90
"Isabel",2003,90
"Isabel",2003,90
"Isabel",2003,90
"Isabel",2003,90
"Isabel",2003,85
"Isabel",2003,65
"Juan",2003,65
"Juan",2003,70
"Juan",2003,75
"Juan",2003,75
"Juan",2003,75
"Juan",2003,90
"Juan",2003,90
"Juan",2003,90
"Juan",2003,90
"Juan",2003,90
"Juan",2003,85
"Juan",2003,85
"Juan",2003,65
"Kate",2003,65
"Kate",2003,65
"Kate",2003,65
"Kate",2003,65
"Kate",2003,75
"Kate",2003,75
"Kate",2003,80
"Kate",2003,80
"Kate",2003,90
"Kate",2003,90
"Kate",2003,100
"Kate",2003,100
"Kate",2003,100
"Kate",2003,105
"Kate",2003,110
"Kate",2003,100
"Kate",2003,95
"Kate",2003,90
"Kate",2003,85
"Kate",2003,80
"Kate",2003,80
"Kate",2003,75
"Kate",2003,70
"Kate",2003,65
"Alex",2004,70
"Alex",2004,85
"Alex",2004,85
"Alex",2004,80
"Alex",2004,80
"Alex",2004,85
"Alex",2004,95
"Alex",2004,105
"Alex",2004,105
"Alex",2004,100
"Alex",2004,90
"Alex",2004,75
"Alex",2004,65
"Charley",2004,65
"Charley",2004,65
"Charley",2004,75
"Charley",2004,80
"Charley",2004,90
"Charley",2004,90
"Charley",2004,105
"Charley",2004,105
"Charley",2004,95
"Charley",2004,125
"Charley",2004,130
"Charley",2004,125
"Charley",2004,75
"Charley",2004,75
"Charley",2004,65
"Charley",2004,70
"Charley",2004,65
"Danielle",2004,65
"Danielle",2004,75
"Danielle",2004,80
"Danielle",2004,85
"Danielle",2004,90
"Danielle",2004,90
"Danielle",2004,90
"Danielle",2004,95
"Danielle",2004,95
"Danielle",2004,90
"Danielle",2004,90
"Danielle",2004,85
"Danielle",2004,75
"Danielle",2004,65
"Frances",2004,65
"Frances",2004,70
"Frances",2004,75
"Frances",2004,90
"Frances",2004,100
"Frances",2004,100
"Frances",2004,100
"Frances",2004,105
"Frances",2004,115
"Frances",2004,115
"Frances",2004,115
"Frances",2004,115
"Frances",2004,110
"Frances",2004,105
"Frances",2004,100
"Frances",2004,100
"Frances",2004,110
"Frances",2004,110
"Frances",2004,115
"Frances",2004,120
"Frances",2004,125
"Frances",2004,120
"Frances",2004,120
"Frances",2004,120
"Frances",2004,120
"Frances",2004,120
"Frances",2004,120
"Frances",2004,125
"Frances",2004,125
"Frances",2004,120
"Frances",2004,115
"Frances",2004,110
"Frances",2004,105
"Frances",2004,100
"Frances",2004,100
"Frances",2004,95
"Frances",2004,95
"Frances",2004,90
"Frances",2004,85
"Frances",2004,85
"Frances",2004,90
"Frances",2004,90
"Frances",2004,90
"Frances",2004,95
"Frances",2004,90
"Frances",2004,90
"Frances",2004,80
"Gaston",2004,65
"Gaston",2004,65
"Ivan",2004,65
"Ivan",2004,85
"Ivan",2004,110
"Ivan",2004,115
"Ivan",2004,110
"Ivan",2004,110
"Ivan",2004,90
"Ivan",2004,90
"Ivan",2004,95
"Ivan",2004,100
"Ivan",2004,105
"Ivan",2004,110
"Ivan",2004,115
"Ivan",2004,120
"Ivan",2004,120
"Ivan",2004,120
"Ivan",2004,130
"Ivan",2004,140
"Ivan",2004,140
"Ivan",2004,130
"Ivan",2004,130
"Ivan",2004,125
"Ivan",2004,125
"Ivan",2004,120
"Ivan",2004,135
"Ivan",2004,130
"Ivan",2004,130
"Ivan",2004,125
"Ivan",2004,145
"Ivan",2004,145
"Ivan",2004,135
"Ivan",2004,135
"Ivan",2004,130
"Ivan",2004,130
"Ivan",2004,140
"Ivan",2004,140
"Ivan",2004,140
"Ivan",2004,140
"Ivan",2004,140
"Ivan",2004,140
"Ivan",2004,140
"Ivan",2004,140
"Ivan",2004,125
"Ivan",2004,120
"Ivan",2004,120
"Ivan",2004,120
"Ivan",2004,115
"Ivan",2004,115
"Ivan",2004,110
"Ivan",2004,105
"Ivan",2004,105
"Ivan",2004,70
"Jeanne",2004,70
"Jeanne",2004,70
"Jeanne",2004,65
"Jeanne",2004,75
"Jeanne",2004,75
"Jeanne",2004,75
"Jeanne",2004,75
"Jeanne",2004,75
"Jeanne",2004,80
"Jeanne",2004,85
"Jeanne",2004,85
"Jeanne",2004,85
"Jeanne",2004,85
"Jeanne",2004,85
"Jeanne",2004,80
"Jeanne",2004,75
"Jeanne",2004,70
"Jeanne",2004,75
"Jeanne",2004,80
"Jeanne",2004,85
"Jeanne",2004,85
"Jeanne",2004,90
"Jeanne",2004,100
"Jeanne",2004,100
"Jeanne",2004,105
"Jeanne",2004,105
"Jeanne",2004,105
"Jeanne",2004,95
"Jeanne",2004,75
"Karl",2004,70
"Karl",2004,85
"Karl",2004,90
"Karl",2004,95
"Karl",2004,95
"Karl",2004,100
"Karl",2004,105
"Karl",2004,110
"Karl",2004,110
"Karl",2004,115
"Karl",2004,110
"Karl",2004,110
"Karl",2004,120
"Karl",2004,125
"Karl",2004,120
"Karl",2004,105
"Karl",2004,100
"Karl",2004,95
"Karl",2004,90
"Karl",2004,90
"Karl",2004,95
"Karl",2004,110
"Karl",2004,105
"Karl",2004,90
"Karl",2004,80
"Karl",2004,75
"Karl",2004,70
"Karl",2004,65
"Lisa",2004,65
"Lisa",2004,65
"Cindy",2005,65
"Cindy",2005,65
"Dennis",2005,70
"Dennis",2005,80
"Dennis",2005,90
"Dennis",2005,100
"Dennis",2005,120
"Dennis",2005,120
"Dennis",2005,110
"Dennis",2005,130
"Dennis",2005,120
"Dennis",2005,120
"Dennis",2005,100
"Dennis",2005,75
"Dennis",2005,80
"Dennis",2005,90
"Dennis",2005,110
"Dennis",2005,125
"Dennis",2005,120
"Dennis",2005,110
"Dennis",2005,105
"Emily",2005,70
"Emily",2005,75
"Emily",2005,75
"Emily",2005,85
"Emily",2005,100
"Emily",2005,110
"Emily",2005,115
"Emily",2005,115
"Emily",2005,95
"Emily",2005,110
"Emily",2005,120
"Emily",2005,130
"Emily",2005,135
"Emily",2005,140
"Emily",2005,135
"Emily",2005,130
"Emily",2005,125
"Emily",2005,120
"Emily",2005,115
"Emily",2005,115
"Emily",2005,65
"Emily",2005,65
"Emily",2005,75
"Emily",2005,80
"Emily",2005,80
"Emily",2005,85
"Emily",2005,110
"Emily",2005,110
"Emily",2005,110
"Irene",2005,70
"Irene",2005,75
"Irene",2005,75
"Irene",2005,80
"Irene",2005,80
"Irene",2005,80
"Irene",2005,85
"Irene",2005,90
"Irene",2005,80
"Irene",2005,75
"Irene",2005,65
"Irene",2005,65
"Katrina",2005,70
"Katrina",2005,70
"Katrina",2005,65
"Katrina",2005,75
"Katrina",2005,85
"Katrina",2005,90
"Katrina",2005,95
"Katrina",2005,100
"Katrina",2005,100
"Katrina",2005,100
"Katrina",2005,125
"Katrina",2005,145
"Katrina",2005,150
"Katrina",2005,140
"Katrina",2005,125
"Katrina",2005,110
"Katrina",2005,110
"Katrina",2005,105
"Katrina",2005,80
"Maria",2005,65
"Maria",2005,65
"Maria",2005,75
"Maria",2005,75
"Maria",2005,80
"Maria",2005,85
"Maria",2005,90
"Maria",2005,100
"Maria",2005,90
"Maria",2005,80
"Maria",2005,75
"Maria",2005,65
"Maria",2005,70
"Maria",2005,75
"Maria",2005,75
"Maria",2005,70
"Maria",2005,65
"Maria",2005,65
"Maria",2005,65
"Nate",2005,65
"Nate",2005,70
"Nate",2005,75
"Nate",2005,75
"Nate",2005,75
"Nate",2005,75
"Nate",2005,80
"Nate",2005,70
"Nate",2005,65
"Ophelia",2005,65
"Ophelia",2005,65
"Ophelia",2005,65
"Ophelia",2005,70
"Ophelia",2005,70
"Ophelia",2005,75
"Ophelia",2005,70
"Ophelia",2005,65
"Ophelia",2005,65
"Ophelia",2005,70
"Ophelia",2005,75
"Ophelia",2005,75
"Ophelia",2005,75
"Ophelia",2005,70
"Ophelia",2005,65
"Ophelia",2005,65
"Philippe",2005,65
"Philippe",2005,65
"Philippe",2005,65
"Philippe",2005,65
"Philippe",2005,70
"Philippe",2005,65
"Rita",2005,70
"Rita",2005,85
"Rita",2005,95
"Rita",2005,110
"Rita",2005,120
"Rita",2005,145
"Rita",2005,150
"Rita",2005,155
"Rita",2005,155
"Rita",2005,140
"Rita",2005,125
"Rita",2005,120
"Rita",2005,115
"Rita",2005,115
"Rita",2005,110
"Rita",2005,105
"Rita",2005,100
"Rita",2005,100
"Rita",2005,65
"Stan",2005,65
"Stan",2005,70
"Vince",2005,65
"Wilma",2005,65
"Wilma",2005,75
"Wilma",2005,130
"Wilma",2005,150
"Wilma",2005,160
"Wilma",2005,140
"Wilma",2005,135
"Wilma",2005,130
"Wilma",2005,130
"Wilma",2005,130
"Wilma",2005,130
"Wilma",2005,130
"Wilma",2005,125
"Wilma",2005,120
"Wilma",2005,130
"Wilma",2005,120
"Wilma",2005,115
"Wilma",2005,110
"Wilma",2005,100
"Wilma",2005,85
"Wilma",2005,85
"Wilma",2005,85
"Wilma",2005,85
"Wilma",2005,90
"Wilma",2005,95
"Wilma",2005,110
"Wilma",2005,105
"Wilma",2005,95
"Wilma",2005,105
"Wilma",2005,110
"Wilma",2005,100
"Wilma",2005,90
"Wilma",2005,75
"Beta",2005,70
"Beta",2005,75
"Beta",2005,75
"Beta",2005,90
"Beta",2005,100
"Beta",2005,90
"Epsilon",2005,65
"Epsilon",2005,65
"Epsilon",2005,65
"Epsilon",2005,65
"Epsilon",2005,65
"Epsilon",2005,65
"Epsilon",2005,65
"Epsilon",2005,70
"Epsilon",2005,70
"Epsilon",2005,70
"Epsilon",2005,75
"Epsilon",2005,75
"Epsilon",2005,70
"Epsilon",2005,65
"Epsilon",2005,65
"Epsilon",2005,65
"Epsilon",2005,65
"Epsilon",2005,65
"Epsilon",2005,65
"Epsilon",2005,65
"Ernesto",2006,65
"Florence",2006,70
"Florence",2006,75
"Florence",2006,80
"Florence",2006,80
"Florence",2006,70
"Florence",2006,75
"Florence",2006,75
"Florence",2006,70
"Florence",2006,65
"Florence",2006,65
"Florence",2006,65
"Gordon",2006,65
"Gordon",2006,70
"Gordon",2006,80
"Gordon",2006,95
"Gordon",2006,105
"Gordon",2006,105
"Gordon",2006,105
"Gordon",2006,105
"Gordon",2006,100
"Gordon",2006,95
"Gordon",2006,85
"Gordon",2006,80
"Gordon",2006,75
"Gordon",2006,70
"Gordon",2006,65
"Gordon",2006,65
"Gordon",2006,65
"Gordon",2006,65
"Gordon",2006,70
"Gordon",2006,70
"Gordon",2006,75
"Gordon",2006,75
"Gordon",2006,80
"Gordon",2006,85
"Gordon",2006,85
"Gordon",2006,90
"Gordon",2006,80
"Gordon",2006,75
"Gordon",2006,70
"Gordon",2006,70
"Gordon",2006,65
"Gordon",2006,65
"Helene",2006,65
"Helene",2006,65
"Helene",2006,70
"Helene",2006,75
"Helene",2006,80
"Helene",2006,90
"Helene",2006,100
"Helene",2006,105
"Helene",2006,105
"Helene",2006,95
"Helene",2006,95
"Helene",2006,95
"Helene",2006,95
"Helene",2006,90
"Helene",2006,90
"Helene",2006,90
"Helene",2006,90
"Helene",2006,80
"Helene",2006,80
"Helene",2006,75
"Helene",2006,75
"Helene",2006,75
"Helene",2006,75
"Helene",2006,70
"Helene",2006,70
"Helene",2006,70
"Helene",2006,75
"Helene",2006,80
"Helene",2006,80
"Helene",2006,75
"Helene",2006,70
"Helene",2006,65
"Helene",2006,65
"Isaac",2006,65
"Isaac",2006,70
"Isaac",2006,75
"Isaac",2006,75
"Isaac",2006,70
"Isaac",2006,70
"Isaac",2006,65
"Isaac",2006,65
"Dean",2007,70
"Dean",2007,80
"Dean",2007,80
"Dean",2007,80
"Dean",2007,80
"Dean",2007,90
"Dean",2007,110
"Dean",2007,125
"Dean",2007,145
"Dean",2007,145
"Dean",2007,130
"Dean",2007,120
"Dean",2007,120
"Dean",2007,125
"Dean",2007,125
"Dean",2007,125
"Dean",2007,130
"Dean",2007,130
"Dean",2007,135
"Dean",2007,145
"Dean",2007,150
"Dean",2007,150
"Dean",2007,110
"Dean",2007,75
"Dean",2007,65
"Dean",2007,70
"Dean",2007,80
"Dean",2007,85
"Dean",2007,75
"Felix",2007,65
"Felix",2007,85
"Felix",2007,90
"Felix",2007,115
"Felix",2007,150
"Felix",2007,150
"Felix",2007,150
"Felix",2007,140
"Felix",2007,115
"Felix",2007,115
"Felix",2007,135
"Felix",2007,140
"Felix",2007,85
"Humberto",2007,80
"Humberto",2007,80
"Humberto",2007,65
"Karen",2007,65
"Karen",2007,65
"Lorenzo",2007,70
"Lorenzo",2007,65
"Lorenzo",2007,65
"Noel",2007,70
"Noel",2007,70
"Noel",2007,70
"Noel",2007,70
"Bertha",2008,65
"Bertha",2008,80
"Bertha",2008,100
"Bertha",2008,110
"Bertha",2008,105
"Bertha",2008,105
"Bertha",2008,90
"Bertha",2008,75
"Bertha",2008,70
"Bertha",2008,65
"Bertha",2008,65
"Bertha",2008,85
"Bertha",2008,90
"Bertha",2008,90
"Bertha",2008,80
"Bertha",2008,75
"Bertha",2008,75
"Bertha",2008,75
"Bertha",2008,75
"Bertha",2008,80
"Bertha",2008,80
"Bertha",2008,80
"Bertha",2008,75
"Bertha",2008,65
"Bertha",2008,65
"Bertha",2008,65
"Bertha",2008,65
"Bertha",2008,65
"Bertha",2008,65
"Bertha",2008,65
"Bertha",2008,65
"Dolly",2008,65
"Dolly",2008,70
"Dolly",2008,85
"Dolly",2008,85
"Dolly",2008,75
"Dolly",2008,75
"Dolly",2008,70
"Dolly",2008,65
"Gustav",2008,75
"Gustav",2008,80
"Gustav",2008,70
"Gustav",2008,65
"Gustav",2008,75
"Gustav",2008,85
"Gustav",2008,110
"Gustav",2008,125
"Gustav",2008,135
"Gustav",2008,120
"Gustav",2008,105
"Gustav",2008,100
"Gustav",2008,95
"Gustav",2008,95
"Gustav",2008,95
"Gustav",2008,95
"Gustav",2008,90
"Gustav",2008,85
"Hanna",2008,70
"Hanna",2008,75
"Hanna",2008,65
"Ike",2008,75
"Ike",2008,105
"Ike",2008,125
"Ike",2008,120
"Ike",2008,115
"Ike",2008,115
"Ike",2008,115
"Ike",2008,105
"Ike",2008,100
"Ike",2008,100
"Ike",2008,100
"Ike",2008,95
"Ike",2008,115
"Ike",2008,115
"Ike",2008,115
"Ike",2008,110
"Ike",2008,110
"Ike",2008,105
"Ike",2008,115
"Ike",2008,115
"Ike",2008,100
"Ike",2008,85
"Ike",2008,75
"Ike",2008,70
"Ike",2008,70
"Ike",2008,70
"Ike",2008,70
"Ike",2008,65
"Ike",2008,65
"Ike",2008,70
"Ike",2008,80
"Ike",2008,85
"Ike",2008,85
"Ike",2008,85
"Ike",2008,85
"Ike",2008,85
"Ike",2008,85
"Ike",2008,90
"Ike",2008,95
"Ike",2008,95
"Ike",2008,95
"Ike",2008,95
"Ike",2008,95
"Ike",2008,85
"Kyle",2008,65
"Kyle",2008,70
"Kyle",2008,70
"Kyle",2008,70
"Kyle",2008,75
"Kyle",2008,70
"Kyle",2008,65
"Omar",2008,65
"Omar",2008,70
"Omar",2008,75
"Omar",2008,80
"Omar",2008,95
"Omar",2008,115
"Omar",2008,90
"Omar",2008,70
"Omar",2008,65
"Omar",2008,70
"Omar",2008,75
"Omar",2008,65
"Paloma",2008,65
"Paloma",2008,65
"Paloma",2008,75
"Paloma",2008,80
"Paloma",2008,100
"Paloma",2008,110
"Paloma",2008,125
"Paloma",2008,125
"Paloma",2008,90
"Paloma",2008,85
"Bill",2009,65
"Bill",2009,75
"Bill",2009,80
"Bill",2009,85
"Bill",2009,90
"Bill",2009,95
"Bill",2009,100
"Bill",2009,105
"Bill",2009,115
"Bill",2009,115
"Bill",2009,115
"Bill",2009,115
"Bill",2009,115
"Bill",2009,105
"Bill",2009,110
"Bill",2009,110
"Bill",2009,105
"Bill",2009,100
"Bill",2009,95
"Bill",2009,90
"Bill",2009,90
"Bill",2009,85
"Bill",2009,80
"Bill",2009,80
"Bill",2009,75
"Bill",2009,70
"Bill",2009,65
"Bill",2009,65
"Fred",2009,70
"Fred",2009,90
"Fred",2009,105
"Fred",2009,100
"Fred",2009,95
"Fred",2009,90
"Fred",2009,85
"Fred",2009,80
"Fred",2009,80
"Fred",2009,75
"Fred",2009,65
"Ida",2009,65
"Ida",2009,70
"Ida",2009,70
"Ida",2009,80
"Ida",2009,85
"Ida",2009,85
"Ida",2009,90
"Ida",2009,80
"Ida",2009,65
"Ida",2009,75
"Alex",2010,65
"Alex",2010,70
"Alex",2010,75
"Alex",2010,75
"Alex",2010,80
"Alex",2010,90
"Alex",2010,95
"Alex",2010,75
"Danielle",2010,65
"Danielle",2010,75
"Danielle",2010,80
"Danielle",2010,70
"Danielle",2010,65
"Danielle",2010,70
"Danielle",2010,70
"Danielle",2010,70
"Danielle",2010,75
"Danielle",2010,80
"Danielle",2010,85
"Danielle",2010,85
"Danielle",2010,90
"Danielle",2010,95
"Danielle",2010,110
"Danielle",2010,110
"Danielle",2010,115
"Danielle",2010,105
"Danielle",2010,95
"Danielle",2010,95
"Danielle",2010,90
"Danielle",2010,85
"Danielle",2010,80
"Danielle",2010,75
"Danielle",2010,75
"Danielle",2010,70
"Danielle",2010,65
"Danielle",2010,65
"Earl",2010,65
"Earl",2010,75
"Earl",2010,85
"Earl",2010,95
"Earl",2010,105
"Earl",2010,115
"Earl",2010,115
"Earl",2010,115
"Earl",2010,115
"Earl",2010,115
"Earl",2010,110
"Earl",2010,105
"Earl",2010,110
"Earl",2010,115
"Earl",2010,120
"Earl",2010,125
"Earl",2010,115
"Earl",2010,100
"Earl",2010,90
"Earl",2010,85
"Earl",2010,75
"Earl",2010,70
"Earl",2010,65
"Earl",2010,65
"Earl",2010,65
"Igor",2010,65
"Igor",2010,70
"Igor",2010,90
"Igor",2010,115
"Igor",2010,130
"Igor",2010,130
"Igor",2010,130
"Igor",2010,125
"Igor",2010,125
"Igor",2010,115
"Igor",2010,115
"Igor",2010,125
"Igor",2010,135
"Igor",2010,125
"Igor",2010,115
"Igor",2010,115
"Igor",2010,120
"Igor",2010,125
"Igor",2010,120
"Igor",2010,115
"Igor",2010,115
"Igor",2010,110
"Igor",2010,100
"Igor",2010,90
"Igor",2010,90
"Igor",2010,85
"Igor",2010,85
"Igor",2010,80
"Igor",2010,80
"Igor",2010,75
"Igor",2010,75
"Igor",2010,70
"Igor",2010,65
"Igor",2010,65
"Igor",2010,65
"Igor",2010,65
"Igor",2010,65
"Igor",2010,65
"Igor",2010,65
"Igor",2010,75
"Julia",2010,70
"Julia",2010,80
"Julia",2010,90
"Julia",2010,110
"Julia",2010,120
"Julia",2010,115
"Julia",2010,105
"Julia",2010,100
"Julia",2010,90
"Julia",2010,80
"Julia",2010,75
"Julia",2010,75
"Julia",2010,70
"Julia",2010,65
"Karl",2010,70
"Karl",2010,85
"Karl",2010,95
"Karl",2010,110
"Karl",2010,110
"Karl",2010,100
"Karl",2010,90
"Lisa",2010,65
"Lisa",2010,75
"Lisa",2010,70
"Otto",2010,65
"Otto",2010,70
"Otto",2010,75
"Otto",2010,75
"Otto",2010,70
"Otto",2010,65
"Paula",2010,65
"Paula",2010,65
"Paula",2010,75
"Paula",2010,90
"Paula",2010,90
"Paula",2010,85
"Paula",2010,85
"Paula",2010,75
"Paula",2010,75
"Paula",2010,70
"Richard",2010,65
"Richard",2010,75
"Richard",2010,80
"Richard",2010,85
"Richard",2010,85
"Richard",2010,65
"Shary",2010,65
"Shary",2010,65
"Shary",2010,65
"Tomas",2010,65
"Tomas",2010,80
"Tomas",2010,85
"Tomas",2010,85
"Tomas",2010,85
"Tomas",2010,80
"Tomas",2010,65
"Tomas",2010,70
"Tomas",2010,75
"Tomas",2010,70
"Tomas",2010,65
"Tomas",2010,70
"Tomas",2010,65
"Irene",2011,65
"Irene",2011,70
"Irene",2011,75
"Irene",2011,80
"Irene",2011,80
"Irene",2011,80
"Irene",2011,80
"Irene",2011,80
"Irene",2011,95
"Irene",2011,105
"Irene",2011,100
"Irene",2011,100
"Irene",2011,95
"Irene",2011,95
"Irene",2011,90
"Irene",2011,90
"Irene",2011,90
"Irene",2011,90
"Irene",2011,90
"Irene",2011,85
"Irene",2011,80
"Irene",2011,75
"Irene",2011,75
"Irene",2011,75
"Irene",2011,65
"Irene",2011,65
"Irene",2011,65
"Katia",2011,65
"Katia",2011,65
"Katia",2011,65
"Katia",2011,65
"Katia",2011,65
"Katia",2011,65
"Katia",2011,65
"Katia",2011,65
"Katia",2011,65
"Katia",2011,65
"Katia",2011,65
"Katia",2011,65
"Katia",2011,70
"Katia",2011,75
"Katia",2011,85
"Katia",2011,90
"Katia",2011,90
"Katia",2011,95
"Katia",2011,100
"Katia",2011,110
"Katia",2011,120
"Katia",2011,115
"Katia",2011,105
"Katia",2011,95
"Katia",2011,85
"Katia",2011,85
"Katia",2011,80
"Katia",2011,80
"Katia",2011,80
"Katia",2011,80
"Katia",2011,80
"Katia",2011,80
"Katia",2011,80
"Katia",2011,75
"Katia",2011,75
"Katia",2011,75
"Katia",2011,75
"Katia",2011,75
"Maria",2011,65
"Maria",2011,70
"Maria",2011,70
"Maria",2011,65
"Nate",2011,65
"Nate",2011,65
"Ophelia",2011,65
"Ophelia",2011,70
"Ophelia",2011,85
"Ophelia",2011,95
"Ophelia",2011,100
"Ophelia",2011,105
"Ophelia",2011,105
"Ophelia",2011,105
"Ophelia",2011,110
"Ophelia",2011,120
"Ophelia",2011,110
"Ophelia",2011,105
"Ophelia",2011,90
"Ophelia",2011,70
"Philippe",2011,65
"Philippe",2011,65
"Philippe",2011,65
"Philippe",2011,70
"Philippe",2011,80
"Philippe",2011,80
"Philippe",2011,80
"Philippe",2011,80
"Philippe",2011,70
"Philippe",2011,65
"Rina",2011,65
"Rina",2011,75
"Rina",2011,90
"Rina",2011,95
"Rina",2011,100
"Rina",2011,100
"Rina",2011,100
"Rina",2011,85
"Rina",2011,80
"Rina",2011,80
"Rina",2011,65
"Chris",2012,70
"Chris",2012,75
"Chris",2012,70
"Ernesto",2012,65
"Ernesto",2012,75
"Ernesto",2012,80
"Ernesto",2012,80
"Ernesto",2012,85
"Ernesto",2012,80
"Gordon",2012,65
"Gordon",2012,75
"Gordon",2012,90
"Gordon",2012,95
"Gordon",2012,90
"Gordon",2012,90
"Gordon",2012,80
"Gordon",2012,70
"Gordon",2012,65
"Gordon",2012,65
"Isaac",2012,65
"Isaac",2012,70
"Isaac",2012,70
"Isaac",2012,70
"Isaac",2012,70
"Isaac",2012,70
"Isaac",2012,65
"Kirk",2012,65
"Kirk",2012,75
"Kirk",2012,80
"Kirk",2012,90
"Kirk",2012,90
"Kirk",2012,80
"Kirk",2012,70
"Kirk",2012,65
"Leslie",2012,65
"Leslie",2012,70
"Leslie",2012,70
"Leslie",2012,65
"Leslie",2012,65
"Leslie",2012,65
"Leslie",2012,65
"Leslie",2012,65
"Leslie",2012,65
"Leslie",2012,65
"Leslie",2012,65
"Leslie",2012,65
"Leslie",2012,65
"Michael",2012,65
"Michael",2012,80
"Michael",2012,95
"Michael",2012,100
"Michael",2012,95
"Michael",2012,90
"Michael",2012,90
"Michael",2012,90
"Michael",2012,85
"Michael",2012,80
"Michael",2012,80
"Michael",2012,85
"Michael",2012,90
"Michael",2012,90
"Michael",2012,85
"Michael",2012,85
"Michael",2012,80
"Michael",2012,75
"Michael",2012,70
"Michael",2012,70
"Michael",2012,65
"Nadine",2012,65
"Nadine",2012,70
"Nadine",2012,70
"Nadine",2012,70
"Nadine",2012,70
"Nadine",2012,70
"Nadine",2012,65
"Nadine",2012,65
"Nadine",2012,65
"Nadine",2012,65
"Nadine",2012,65
"Nadine",2012,65
"Nadine",2012,65
"Nadine",2012,65
"Nadine",2012,70
"Nadine",2012,75
"Nadine",2012,75
"Nadine",2012,80
"Nadine",2012,80
"Nadine",2012,75
"Nadine",2012,65
"Rafael",2012,65
"Rafael",2012,70
"Rafael",2012,75
"Rafael",2012,80
"Rafael",2012,80
"Rafael",2012,80
"Rafael",2012,75
"Rafael",2012,75
"Rafael",2012,70
"Rafael",2012,65
"Sandy",2012,65
"Sandy",2012,75
"Sandy",2012,75
"Sandy",2012,85
"Sandy",2012,100
"Sandy",2012,100
"Sandy",2012,95
"Sandy",2012,95
"Sandy",2012,90
"Sandy",2012,75
"Sandy",2012,70
"Sandy",2012,65
"Sandy",2012,65
"Sandy",2012,70
"Sandy",2012,70
"Sandy",2012,65
"Sandy",2012,65
"Sandy",2012,65
"Sandy",2012,65
"Sandy",2012,70
"Sandy",2012,80
"Sandy",2012,85
"Sandy",2012,80
"Humberto",2013,70
"Humberto",2013,80
"Humberto",2013,80
"Humberto",2013,80
"Humberto",2013,75
"Humberto",2013,75
"Humberto",2013,70
"Ingrid",2013,65
"Ingrid",2013,75
"Ingrid",2013,75
"Ingrid",2013,65
"Ingrid",2013,65
"Ingrid",2013,70
"Arthur",2014,65
"Arthur",2014,70
"Arthur",2014,80
"Arthur",2014,80
"Arthur",2014,85
"Arthur",2014,85
"Arthur",2014,85
"Arthur",2014,85
"Arthur",2014,80
"Arthur",2014,70
"Arthur",2014,65
"Bertha",2014,70
"Bertha",2014,70
"Bertha",2014,65
"Cristobal",2014,65
"Cristobal",2014,65
"Cristobal",2014,65
"Cristobal",2014,65
"Cristobal",2014,70
"Cristobal",2014,70
"Cristobal",2014,70
"Cristobal",2014,65
"Cristobal",2014,65
"Cristobal",2014,65
"Cristobal",2014,70
"Cristobal",2014,75
"Cristobal",2014,75
"Cristobal",2014,70
"Edouard",2014,70
"Edouard",2014,75
"Edouard",2014,80
"Edouard",2014,85
"Edouard",2014,90
"Edouard",2014,95
"Edouard",2014,95
"Edouard",2014,100
"Edouard",2014,105
"Edouard",2014,95
"Edouard",2014,85
"Edouard",2014,85
"Edouard",2014,80
"Edouard",2014,80
"Edouard",2014,75
"Edouard",2014,70
"Edouard",2014,70
"Edouard",2014,65
"Fay",2014,65
"Fay",2014,70
"Fay",2014,70
"Gonzalo",2014,65
"Gonzalo",2014,65
"Gonzalo",2014,70
"Gonzalo",2014,75
"Gonzalo",2014,75
"Gonzalo",2014,80
"Gonzalo",2014,90
"Gonzalo",2014,95
"Gonzalo",2014,100
"Gonzalo",2014,115
"Gonzalo",2014,115
"Gonzalo",2014,115
"Gonzalo",2014,110
"Gonzalo",2014,110
"Gonzalo",2014,115
"Gonzalo",2014,125
"Gonzalo",2014,125
"Gonzalo",2014,120
"Gonzalo",2014,115
"Gonzalo",2014,110
"Gonzalo",2014,105
"Gonzalo",2014,95
"Gonzalo",2014,95
"Gonzalo",2014,90
"Gonzalo",2014,85
"Gonzalo",2014,85
"Gonzalo",2014,85
"Gonzalo",2014,80
"Gonzalo",2014,70
"Danny",2015,65
"Danny",2015,75
"Danny",2015,85
"Danny",2015,95
"Danny",2015,110
"Danny",2015,105
"Danny",2015,95
"Danny",2015,85
"Danny",2015,75
"Danny",2015,65
"Fred",2015,65
"Fred",2015,70
"Fred",2015,75
"Fred",2015,70
"Fred",2015,65
"Joaquin",2015,65
"Joaquin",2015,70
"Joaquin",2015,80
"Joaquin",2015,100
"Joaquin",2015,110
"Joaquin",2015,115
"Joaquin",2015,115
"Joaquin",2015,120
"Joaquin",2015,120
"Joaquin",2015,115
"Joaquin",2015,110
"Joaquin",2015,110
"Joaquin",2015,110
"Joaquin",2015,115
"Joaquin",2015,120
"Joaquin",2015,135
"Joaquin",2015,130
"Joaquin",2015,115
"Joaquin",2015,105
"Joaquin",2015,95
"Joaquin",2015,85
"Joaquin",2015,75
"Joaquin",2015,75
"Joaquin",2015,75
"Joaquin",2015,75
"Joaquin",2015,75
"Joaquin",2015,75
"Joaquin",2015,70
"Joaquin",2015,70
"Joaquin",2015,70
"Joaquin",2015,65
"Kate",2015,65
"Kate",2015,70
"Kate",2015,75
"Kate",2015,65
"Alex",2016,65
"Alex",2016,75
"Alex",2016,75
"Alex",2016,70
"Alex",2016,65
"Earl",2016,65
"Earl",2016,70
"Earl",2016,75
"Earl",2016,75
"Gaston",2016,65
"Gaston",2016,65
"Gaston",2016,65
"Gaston",2016,65
"Gaston",2016,65
"Gaston",2016,75
"Gaston",2016,80
"Gaston",2016,90
"Gaston",2016,100
"Gaston",2016,105
"Gaston",2016,100
"Gaston",2016,95
"Gaston",2016,90
"Gaston",2016,85
"Gaston",2016,85
"Gaston",2016,85
"Gaston",2016,95
"Gaston",2016,105
"Gaston",2016,105
"Gaston",2016,100
"Gaston",2016,95
"Gaston",2016,90
"Gaston",2016,85
"Gaston",2016,80
"Gaston",2016,75
"Gaston",2016,70
"Gaston",2016,65
"Hermine",2016,65
"Hermine",2016,70
"Hermine",2016,70
"Hermine",2016,65
"Matthew",2016,65
"Matthew",2016,70
"Matthew",2016,85
"Matthew",2016,100
"Matthew",2016,120
"Matthew",2016,145
"Matthew",2016,140
"Matthew",2016,135
"Matthew",2016,130
"Matthew",2016,130
"Matthew",2016,125
"Matthew",2016,130
"Matthew",2016,135
"Matthew",2016,130
"Matthew",2016,125
"Matthew",2016,125
"Matthew",2016,125
"Matthew",2016,130
"Matthew",2016,130
"Matthew",2016,130
"Matthew",2016,125
"Matthew",2016,120
"Matthew",2016,115
"Matthew",2016,110
"Matthew",2016,105
"Matthew",2016,105
"Matthew",2016,105
"Matthew",2016,110
"Matthew",2016,120
"Matthew",2016,120
"Matthew",2016,115
"Matthew",2016,110
"Matthew",2016,105
"Matthew",2016,100
"Matthew",2016,95
"Matthew",2016,85
"Matthew",2016,85
"Matthew",2016,80
"Matthew",2016,75
"Matthew",2016,70
"Matthew",2016,70
"Matthew",2016,70
"Nicole",2016,75
"Nicole",2016,90
"Nicole",2016,75
"Nicole",2016,70
"Nicole",2016,75
"Nicole",2016,85
"Nicole",2016,95
"Nicole",2016,105
"Nicole",2016,115
"Nicole",2016,120
"Nicole",2016,110
"Nicole",2016,105
"Nicole",2016,95
"Nicole",2016,85
"Nicole",2016,75
"Nicole",2016,70
"Nicole",2016,65
"Nicole",2016,65
"Nicole",2016,75
"Nicole",2016,75
"Nicole",2016,75
"Nicole",2016,75
"Nicole",2016,70
"Nicole",2016,70
"Nicole",2016,65
"Nicole",2016,65
"Nicole",2016,65
"Nicole",2016,65
"Nicole",2016,65
"Otto",2016,65
"Otto",2016,80
"Otto",2016,90
"Otto",2016,100
"Otto",2016,100
"Otto",2016,95
"Otto",2016,65
"Franklin",2017,65
"Franklin",2017,75
"Franklin",2017,70
"Gert",2017,65
"Gert",2017,70
"Gert",2017,70
"Gert",2017,75
"Gert",2017,80
"Gert",2017,85
"Gert",2017,95
"Gert",2017,90
"Gert",2017,80
"Harvey",2017,70
"Harvey",2017,80
"Harvey",2017,90
"Harvey",2017,95
"Harvey",2017,105
"Harvey",2017,115
"Harvey",2017,115
"Harvey",2017,105
"Harvey",2017,65
"Irma",2017,65
"Irma",2017,80
"Irma",2017,95
"Irma",2017,100
"Irma",2017,100
"Irma",2017,100
"Irma",2017,100
"Irma",2017,100
"Irma",2017,100
"Irma",2017,95
"Irma",2017,95
"Irma",2017,95
"Irma",2017,95
"Irma",2017,100
"Irma",2017,100
"Irma",2017,100
"Irma",2017,105
"Irma",2017,110
"Irma",2017,115
"Irma",2017,125
"Irma",2017,135
"Irma",2017,150
"Irma",2017,155
"Irma",2017,155
"Irma",2017,155
"Irma",2017,155
"Irma",2017,155
"Irma",2017,155
"Irma",2017,155
"Irma",2017,150
"Irma",2017,150
"Irma",2017,145
"Irma",2017,145
"Irma",2017,145
"Irma",2017,140
"Irma",2017,135
"Irma",2017,135
"Irma",2017,135
"Irma",2017,140
"Irma",2017,145
"Irma",2017,145
"Irma",2017,130
"Irma",2017,110
"Irma",2017,95
"Irma",2017,100
"Irma",2017,115
"Irma",2017,115
"Irma",2017,115
"Irma",2017,100
"Irma",2017,100
"Irma",2017,80
"Irma",2017,65
"Jose",2017,65
"Jose",2017,70
"Jose",2017,80
"Jose",2017,90
"Jose",2017,100
"Jose",2017,105
"Jose",2017,115
"Jose",2017,130
"Jose",2017,135
"Jose",2017,135
"Jose",2017,130
"Jose",2017,125
"Jose",2017,120
"Jose",2017,115
"Jose",2017,115
"Jose",2017,115
"Jose",2017,105
"Jose",2017,100
"Jose",2017,90
"Jose",2017,85
"Jose",2017,80
"Jose",2017,75
"Jose",2017,70
"Jose",2017,70
"Jose",2017,70
"Jose",2017,70
"Jose",2017,70
"Jose",2017,70
"Jose",2017,70
"Jose",2017,70
"Jose",2017,70
"Jose",2017,65
"Jose",2017,65
"Jose",2017,65
"Jose",2017,65
"Jose",2017,65
"Jose",2017,65
"Jose",2017,65
"Jose",2017,70
"Jose",2017,75
"Jose",2017,80
"Jose",2017,80
"Jose",2017,80
"Jose",2017,75
"Jose",2017,70
"Jose",2017,65
"Jose",2017,65
"Jose",2017,65
"Katia",2017,65
"Katia",2017,70
"Katia",2017,70
"Katia",2017,70
"Katia",2017,70
"Katia",2017,75
"Katia",2017,80
"Katia",2017,85
"Katia",2017,90
"Katia",2017,70
"Katia",2017,65
"Lee",2017,65
"Lee",2017,75
"Lee",2017,80
"Lee",2017,85
"Lee",2017,80
"Lee",2017,80
"Lee",2017,75
"Lee",2017,80
"Lee",2017,85
"Lee",2017,90
"Lee",2017,95
"Lee",2017,95
"Lee",2017,95
"Lee",2017,100
"Lee",2017,100
"Lee",2017,95
"Lee",2017,90
"Lee",2017,85
"Lee",2017,80
"Lee",2017,75
"Lee",2017,70
"Lee",2017,65
"Maria",2017,65
"Maria",2017,75
"Maria",2017,80
"Maria",2017,100
"Maria",2017,110
"Maria",2017,145
"Maria",2017,145
"Maria",2017,135
"Maria",2017,140
"Maria",2017,145
"Maria",2017,150
"Maria",2017,150
"Maria",2017,140
"Maria",2017,135
"Maria",2017,115
"Maria",2017,95
"Maria",2017,95
"Maria",2017,100
"Maria",2017,100
"Maria",2017,105
"Maria",2017,110
"Maria",2017,110
"Maria",2017,110
"Maria",2017,110
"Maria",2017,105
"Maria",2017,100
"Maria",2017,100
"Maria",2017,100
"Maria",2017,100
"Maria",2017,95
"Maria",2017,95
"Maria",2017,90
"Maria",2017,85
"Maria",2017,75
"Maria",2017,70
"Maria",2017,70
"Maria",2017,70
"Maria",2017,65
"Maria",2017,65
"Maria",2017,65
"Maria",2017,65
"Maria",2017,65
"Maria",2017,65
"Maria",2017,65
"Maria",2017,65
"Nate",2017,70
"Nate",2017,80
"Nate",2017,80
"Nate",2017,75
"Nate",2017,65
"Ophelia",2017,65
"Ophelia",2017,70
"Ophelia",2017,75
"Ophelia",2017,80
"Ophelia",2017,85
"Ophelia",2017,90
"Ophelia",2017,90
"Ophelia",2017,80
"Ophelia",2017,80
"Ophelia",2017,85
"Ophelia",2017,95
"Ophelia",2017,100
"Ophelia",2017,100
"Ophelia",2017,95
"Ophelia",2017,90
"Ophelia",2017,85
"Ophelia",2017,80
"Beryl",2018,70
"Beryl",2018,70
"Beryl",2018,65
"Beryl",2018,65
"Beryl",2018,65
"Chris",2018,65
"Chris",2018,75
"Chris",2018,90
"Chris",2018,90
"Chris",2018,85
"Chris",2018,80
"Chris",2018,75
"Chris",2018,65
"Florence",2018,65
"Florence",2018,65
"Florence",2018,70
"Florence",2018,75
"Florence",2018,85
"Florence",2018,95
"Florence",2018,105
"Florence",2018,115
"Florence",2018,115
"Florence",2018,105
"Florence",2018,90
"Florence",2018,75
"Florence",2018,65
"Florence",2018,70
"Florence",2018,80
"Florence",2018,90
"Florence",2018,105
"Florence",2018,120
"Florence",2018,115
"Florence",2018,115
"Florence",2018,125
"Florence",2018,130
"Florence",2018,120
"Florence",2018,115
"Florence",2018,115
"Florence",2018,110
"Florence",2018,105
"Florence",2018,100
"Florence",2018,95
"Florence",2018,90
"Florence",2018,90
"Florence",2018,85
"Florence",2018,80
"Florence",2018,80
"Florence",2018,65
"Helene",2018,65
"Helene",2018,75
"Helene",2018,80
"Helene",2018,85
"Helene",2018,90
"Helene",2018,95
"Helene",2018,95
"Helene",2018,95
"Helene",2018,90
"Helene",2018,85
"Helene",2018,80
"Helene",2018,80
"Helene",2018,75
"Helene",2018,70
"Helene",2018,65
"Isaac",2018,65
"Isaac",2018,65
"Isaac",2018,65
"Isaac",2018,65
"Leslie",2018,65
"Leslie",2018,75
"Leslie",2018,75
"Leslie",2018,75
"Leslie",2018,70
"Leslie",2018,65
"Leslie",2018,65
"Leslie",2018,65
"Leslie",2018,65
"Leslie",2018,65
"Leslie",2018,70
"Leslie",2018,70
"Leslie",2018,70
"Leslie",2018,75
"Leslie",2018,80
"Leslie",2018,80
"Leslie",2018,75
"Leslie",2018,75
"Leslie",2018,70
"Leslie",2018,65
"Leslie",2018,65
"Michael",2018,65
"Michael",2018,75
"Michael",2018,85
"Michael",2018,85
"Michael",2018,90
"Michael",2018,100
"Michael",2018,110
"Michael",2018,120
"Michael",2018,125
"Michael",2018,140
"Michael",2018,135
"Michael",2018,80
"Oscar",2018,65
"Oscar",2018,65
"Oscar",2018,70
"Oscar",2018,75
"Oscar",2018,85
"Oscar",2018,95
"Oscar",2018,90
"Oscar",2018,85
"Oscar",2018,75
"Oscar",2018,70
"Oscar",2018,70
"Oscar",2018,70
"Barry",2019,65
"Barry",2019,65
"Dorian",2019,65
"Dorian",2019,70
"Dorian",2019,75
"Dorian",2019,75
"Dorian",2019,75
"Dorian",2019,75
"Dorian",2019,80
"Dorian",2019,90
"Dorian",2019,95
"Dorian",2019,100
"Dorian",2019,115
"Dorian",2019,120
"Dorian",2019,125
"Dorian",2019,130
"Dorian",2019,135
"Dorian",2019,145
"Dorian",2019,155
"Dorian",2019,160
"Dorian",2019,160
"Dorian",2019,155
"Dorian",2019,155
"Dorian",2019,145
"Dorian",2019,135
"Dorian",2019,125
"Dorian",2019,115
"Dorian",2019,105
"Dorian",2019,100
"Dorian",2019,95
"Dorian",2019,90
"Dorian",2019,90
"Dorian",2019,90
"Dorian",2019,95
"Dorian",2019,100
"Dorian",2019,100
"Dorian",2019,100
"Dorian",2019,95
"Dorian",2019,90
"Dorian",2019,90
"Dorian",2019,85
"Dorian",2019,85
"Dorian",2019,85
"Dorian",2019,85
"Dorian",2019,85
"Dorian",2019,85
"Humberto",2019,65
"Humberto",2019,70
"Humberto",2019,75
"Humberto",2019,75
"Humberto",2019,80
"Humberto",2019,85
"Humberto",2019,90
"Humberto",2019,95
"Humberto",2019,100
"Humberto",2019,105
"Humberto",2019,105
"Humberto",2019,110
"Humberto",2019,110
"Humberto",2019,110
"Humberto",2019,105
"Humberto",2019,95
"Humberto",2019,80
"Jerry",2019,70
"Jerry",2019,80
"Jerry",2019,90
"Jerry",2019,85
"Jerry",2019,75
"Jerry",2019,65
"Lorenzo",2019,70
"Lorenzo",2019,75
"Lorenzo",2019,80
"Lorenzo",2019,85
"Lorenzo",2019,95
"Lorenzo",2019,105
"Lorenzo",2019,115
"Lorenzo",2019,125
"Lorenzo",2019,125
"Lorenzo",2019,120
"Lorenzo",2019,110
"Lorenzo",2019,105
"Lorenzo",2019,100
"Lorenzo",2019,105
"Lorenzo",2019,115
"Lorenzo",2019,130
"Lorenzo",2019,140
"Lorenzo",2019,130
"Lorenzo",2019,110
"Lorenzo",2019,90
"Lorenzo",2019,90
"Lorenzo",2019,90
"Lorenzo",2019,90
"Lorenzo",2019,90
"Lorenzo",2019,90
"Lorenzo",2019,85
"Lorenzo",2019,85
"Lorenzo",2019,85
"Lorenzo",2019,85
"Lorenzo",2019,80
"Pablo",2019,65
"Pablo",2019,70
"Hanna",2020,70
"Hanna",2020,80
"Hanna",2020,80
"Hanna",2020,80
"Hanna",2020,75
"Isaias",2020,65
"Isaias",2020,70
"Isaias",2020,70
"Isaias",2020,65
"Isaias",2020,70
"Isaias",2020,75
"Isaias",2020,75
"Isaias",2020,70
"Isaias",2020,70
"Isaias",2020,65
"Isaias",2020,80
"Isaias",2020,80
"Laura",2020,65
"Laura",2020,70
"Laura",2020,75
"Laura",2020,90
"Laura",2020,100
"Laura",2020,120
"Laura",2020,130
"Laura",2020,130
"Laura",2020,85
"Marco",2020,65
"Marco",2020,65
"Nana",2020,65
"Nana",2020,65
"Paulette",2020,65
"Paulette",2020,65
"Paulette",2020,70
"Paulette",2020,75
"Paulette",2020,75
"Paulette",2020,80
"Paulette",2020,85
"Paulette",2020,85
"Paulette",2020,90
"Paulette",2020,90
"Paulette",2020,90
"Paulette",2020,90
"Paulette",2020,85
"Paulette",2020,85
"Paulette",2020,80
"Sally",2020,65
"Sally",2020,75
"Sally",2020,75
"Sally",2020,70
"Sally",2020,70
"Sally",2020,70
"Sally",2020,75
"Sally",2020,95
"Sally",2020,95
"Sally",2020,85
"Teddy",2020,65
"Teddy",2020,80
"Teddy",2020,85
"Teddy",2020,85
"Teddy",2020,85
"Teddy",2020,90
"Teddy",2020,100
"Teddy",2020,115
"Teddy",2020,120
"Teddy",2020,115
"Teddy",2020,110
"Teddy",2020,105
"Teddy",2020,105
"Teddy",2020,100
"Teddy",2020,100
"Teddy",2020,100
"Teddy",2020,95
"Teddy",2020,90
"Teddy",2020,85
"Teddy",2020,80
"Teddy",2020,80
"Teddy",2020,80
"Teddy",2020,80
"Teddy",2020,80
"Teddy",2020,85
"Teddy",2020,90
"Teddy",2020,90
"Teddy",2020,80
"Teddy",2020,65
"Gamma",2020,65
"Delta",2020,65
"Delta",2020,75
"Delta",2020,100
"Delta",2020,120
"Delta",2020,100
"Delta",2020,90
"Delta",2020,90
"Delta",2020,85
"Delta",2020,75
"Delta",2020,80
"Delta",2020,85
"Delta",2020,90
"Delta",2020,100
"Delta",2020,105
"Delta",2020,105
"Delta",2020,100
"Delta",2020,90
"Delta",2020,85
"Delta",2020,75
"Epsilon",2020,65
"Epsilon",2020,75
"Epsilon",2020,85
"Epsilon",2020,100
"Epsilon",2020,100
"Epsilon",2020,90
"Epsilon",2020,80
"Epsilon",2020,75
"Epsilon",2020,75
"Epsilon",2020,75
"Epsilon",2020,75
"Epsilon",2020,75
"Epsilon",2020,75
"Epsilon",2020,75
"Epsilon",2020,75
"Epsilon",2020,70
"Epsilon",2020,65
"Epsilon",2020,65
"Epsilon",2020,65
"Zeta",2020,65
"Zeta",2020,65
"Zeta",2020,70
"Zeta",2020,70
"Zeta",2020,75
"Zeta",2020,65
"Zeta",2020,65
"Zeta",2020,80
"Zeta",2020,95
"Zeta",2020,100
"Zeta",2020,85
"Eta",2020,70
"Eta",2020,90
"Eta",2020,115
"Eta",2020,130
"Eta",2020,130
"Eta",2020,125
"Eta",2020,120
"Eta",2020,120
"Eta",2020,95
"Eta",2020,70
"Eta",2020,65
"Iota",2020,65
"Iota",2020,70
"Iota",2020,75
"Iota",2020,90
"Iota",2020,120
"Iota",2020,135
"Iota",2020,130
"Iota",2020,130
"Iota",2020,125
"Iota",2020,110
"Iota",2020,75
"Elsa",2021,65
"Elsa",2021,75
"Elsa",2021,70
"Elsa",2021,65
"Elsa",2021,65
"Grace",2021,65
"Grace",2021,70
"Grace",2021,70
"Grace",2021,70
"Grace",2021,75
"Grace",2021,75
"Grace",2021,85
"Grace",2021,105
"Grace",2021,105
"Grace",2021,100
"Henri",2021,65
"Henri",2021,65
"Henri",2021,65
"Henri",2021,65
"Ida",2021,70
"Ida",2021,70
"Ida",2021,70
"Ida",2021,70
"Ida",2021,70
"Ida",2021,80
"Ida",2021,90
"Ida",2021,115
"Ida",2021,130
"Ida",2021,130
"Ida",2021,125
"Ida",2021,105
"Ida",2021,65
"Larry",2021,65
"Larry",2021,70
"Larry",2021,70
"Larry",2021,75
"Larry",2021,80
"Larry",2021,80
"Larry",2021,90
"Larry",2021,100
"Larry",2021,110
"Larry",2021,110
"Larry",2021,105
"Larry",2021,105
"Larry",2021,105
"Larry",2021,110
"Larry",2021,110
"Larry",2021,110
"Larry",2021,105
"Larry",2021,105
"Larry",2021,105
"Larry",2021,105
"Larry",2021,100
"Larry",2021,95
"Larry",2021,95
"Larry",2021,95
"Larry",2021,95
"Larry",2021,90
"Larry",2021,90
"Larry",2021,85
"Larry",2021,80
"Larry",2021,80
"Larry",2021,80
"Larry",2021,80
"Larry",2021,75
"Larry",2021,70
"Larry",2021,70
"Larry",2021,70
"Larry",2021,70
"Larry",2021,65
"Nicholas",2021,65
"Nicholas",2021,65
"Nicholas",2021,65
"Sam",2021,65
"Sam",2021,65
"Sam",2021,70
"Sam",2021,85
"Sam",2021,95
"Sam",2021,105
"Sam",2021,115
"Sam",2021,130
"Sam",2021,130
"Sam",2021,130
"Sam",2021,135
"Sam",2021,130
"Sam",2021,115
"Sam",2021,105
"Sam",2021,105
"Sam",2021,105
"Sam",2021,115
"Sam",2021,115
"Sam",2021,115
"Sam",2021,115
"Sam",2021,115
"Sam",2021,115
"Sam",2021,115
"Sam",2021,125
"Sam",2021,125
"Sam",2021,125
"Sam",2021,125
"Sam",2021,125
"Sam",2021,130
"Sam",2021,130
"Sam",2021,130
"Sam",2021,125
"Sam",2021,120
"Sam",2021,115
"Sam",2021,110
"Sam",2021,100
"Sam",2021,90
"Sam",2021,85
"Sam",2021,85
"Sam",2021,90
"Sam",2021,90
"Sam",2021,85
"Sam",2021,80
"Sam",2021,75
"Bonnie",2022,65
"Bonnie",2022,70
"Bonnie",2022,75
"Bonnie",2022,85
"Bonnie",2022,90
"Bonnie",2022,95
"Bonnie",2022,100
"Bonnie",2022,95
"Bonnie",2022,90
"Bonnie",2022,85
"Bonnie",2022,85
"Bonnie",2022,85
"Bonnie",2022,80
"Bonnie",2022,80
"Bonnie",2022,80
"Bonnie",2022,85
"Bonnie",2022,85
"Bonnie",2022,75
"Bonnie",2022,65
"Danielle",2022,65
"Danielle",2022,65
"Danielle",2022,65
"Danielle",2022,65
"Danielle",2022,70
"Danielle",2022,70
"Danielle",2022,75
"Danielle",2022,75
"Danielle",2022,75
"Danielle",2022,75
"Danielle",2022,75
"Danielle",2022,70
"Danielle",2022,65
"Danielle",2022,65
"Danielle",2022,65
"Danielle",2022,65
"Danielle",2022,70
"Danielle",2022,70
"Danielle",2022,70
"Danielle",2022,65
"Earl",2022,65
"Earl",2022,70
"Earl",2022,75
"Earl",2022,75
"Earl",2022,80
"Earl",2022,90
"Earl",2022,90
"Earl",2022,85
"Earl",2022,80
"Earl",2022,80
"Earl",2022,80
"Earl",2022,85
"Earl",2022,90
"Earl",2022,95
"Earl",2022,90
"Earl",2022,80
"Fiona",2022,65
"Fiona",2022,75
"Fiona",2022,75
"Fiona",2022,75
"Fiona",2022,80
"Fiona",2022,80
"Fiona",2022,75
"Fiona",2022,85
"Fiona",2022,95
"Fiona",2022,100
"Fiona",2022,100
"Fiona",2022,100
"Fiona",2022,100
"Fiona",2022,110
"Fiona",2022,120
"Fiona",2022,115
"Fiona",2022,115
"Fiona",2022,115
"Fiona",2022,115
"Fiona",2022,115
"Fiona",2022,115
"Fiona",2022,115
"Fiona",2022,115
"Fiona",2022,115
"Fiona",2022,110
"Ian",2022,65
"Ian",2022,70
"Ian",2022,80
"Ian",2022,85
"Ian",2022,100
"Ian",2022,110
"Ian",2022,100
"Ian",2022,105
"Ian",2022,105
"Ian",2022,110
"Ian",2022,120
"Ian",2022,140
"Ian",2022,135
"Ian",2022,130
"Ian",2022,125
"Ian",2022,100
"Ian",2022,65
"Ian",2022,65
"Ian",2022,70
"Ian",2022,75
"Ian",2022,75
"Ian",2022,70
"Ian",2022,70
"Julia",2022,65
"Julia",2022,75
"Julia",2022,75
"Julia",2022,65
"Lisa",2022,70
"Lisa",2022,75
"Lisa",2022,80
"Lisa",2022,65
"Martin",2022,65
"Martin",2022,75
"Martin",2022,75
"Martin",2022,75
"Nicole",2022,65
"Nicole",2022,65
"Nicole",2022,65
"Nicole",2022,65
